"","Outbreak_id","t0","Longitude","Latitude","Location_aprox","Location_name","level2_name","level1_name","Species","is_wild"
"1","ob_96627","2022",-76.758,35.145,TRUE,"Pamlico County",NA,"North Carolina","Anas strepera",TRUE
"2","ob_96627","2022",-76.758,35.145,TRUE,"Pamlico County",NA,"North Carolina","Anas platyrhynchos",TRUE
"3","ob_96627","2022",-76.758,35.145,TRUE,"Pamlico County",NA,"North Carolina","Anas acuta",TRUE
"4","ob_96626","2022",-76.328,35.393,TRUE,"Hyde County",NA,"North Carolina","Anas clypeata",TRUE
"5","ob_96761","2022",-86.941,38.391,TRUE,"Dubois County",NA,"Indiana","Birds",FALSE
"6","ob_97455","2022",-76.084,39.231,TRUE,"Kent County",NA,"Maryland","Aythya affinis",TRUE
"7","ob_97457","2022",-75.533,39.179,TRUE,"Kent County",NA,"Delaware","Anas americana",TRUE
"8","ob_97456","2022",-71.057,43.013,TRUE,"Rockingham County",NA,"New Hampshire","Anas platyrhynchos",TRUE
"9","ob_97454","2022",-77.798,38.736,TRUE,"Fauquier County",NA,"Virginia","Birds",FALSE
"10","ob_97679","2022",-88.873,36.511,TRUE,"Fulton County",NA,"Kentucky","Birds",FALSE
"11","ob_97678","2022",-86.867,38.294,TRUE,"Dubois County",NA,"Indiana","Birds",FALSE
"12","ob_97680","2022",-87.48,37.585,TRUE,"Webster County",NA,"Kentucky","Birds",FALSE
"13","ob_96627","2022",-76.758,35.145,TRUE,"Pamlico County",NA,"North Carolina","Anas carolinensis",TRUE
"14","ob_97917","2022",-72.575,41.555,TRUE,"Middlesex County",NA,"Connecticut","Anas platyrhynchos",TRUE
"15","ob_96626","2022",-76.328,35.393,TRUE,"Hyde County",NA,"North Carolina","Anser caerulescens",TRUE
"16","ob_97910","2022",-69.151,44.129,TRUE,"Knox County",NA,"Maine","Birds",FALSE
"17","ob_97908","2022",-72.702,40.937,TRUE,"Suffolk County",NA,"New York","Birds",FALSE
"18","ob_97981","2022",-75.509,39.73,TRUE,"New Castle County",NA,"Delaware","Birds",FALSE
"19","ob_97980","2022",-86.949,39.027,TRUE,"Greene County",NA,"Indiana","Birds",FALSE
"20","ob_97979","2022",-86.936,39.02,TRUE,"Greene County",NA,"Indiana","Birds",FALSE
"21","ob_98111","2022",-74.809,39.095,TRUE,"Cape May County",NA,"New Jersey","Anas platyrhynchos",TRUE
"22","ob_98071","2022",-89.071,36.969,TRUE,"Ballard County",NA,"Kentucky","Anser caerulescens",TRUE
"23","ob_98109","2022",-67.483,44.687,TRUE,"Washington County",NA,"Maine","Anas rubripes",TRUE
"24","ob_98110","2022",-86.938,34.749,TRUE,"Limestone County",NA,"Alabama","Anas americana",TRUE
"25","ob_98119","2022",-85.535,42.256,TRUE,"Kalamazoo County",NA,"Michigan","Birds",FALSE
"26","ob_98118","2022",-69.131,44.097,TRUE,"Knox County",NA,"Maine","Birds",FALSE
"27","ob_98116","2022",-73.894,41.673,TRUE,"Dutchess County",NA,"New York","Phasianidae (incognita)",TRUE
"28","ob_98117","2022",-73.97,41.944,TRUE,"Ulster County",NA,"New York","Birds",FALSE
"29","ob_98072","2022",-76.646,34.735,TRUE,"Carteret County",NA,"North Carolina","Aythya americana",TRUE
"30","ob_98073","2022",-80.846,28.554,TRUE,"Brevard County",NA,"Florida","Coragyps atratus",TRUE
"31","ob_98179","2022",-86.943,38.368,TRUE,"Dubois County",NA,"Indiana","Birds",FALSE
"32","ob_98481","2022",-95.587,41.332,TRUE,"Pottawattamie County",NA,"Iowa","Birds",FALSE
"33","ob_98480","2022",-94.31,38.256,TRUE,"Bates County",NA,"Missouri","Birds",FALSE
"34","ob_98478","2022",-70.3,41.687,TRUE,"Barnstable County",NA,"Massachusetts","Branta canadensis",TRUE
"35","ob_98479","2022",-72.116,41.363,TRUE,"New London County",NA,"Connecticut","Birds",FALSE
"36","ob_98611","2022",-95.092,42.748,TRUE,"Buena Vista County",NA,"Iowa","Birds",FALSE
"37","ob_98613","2022",-98.546,43.125,TRUE,"Charles Mix County",NA,"South Dakota","Birds",FALSE
"38","ob_98610","2022",-89.884,36.879,TRUE,"Stoddard County",NA,"Missouri","Birds",FALSE
"39","ob_98609","2022",-86.892,38.354,TRUE,"Dubois County",NA,"Indiana","Birds",FALSE
"40","ob_98615","2022",-75.917,39.541,TRUE,"Cecil County",NA,"Maryland","Birds",FALSE
"41","ob_98958","2022",-75.772,35.789,TRUE,"Dare County",NA,"North Carolina","Haliaeetus leucocephalus",TRUE
"42","ob_98956","2022",-78.746,35.677,TRUE,"Wake County",NA,"North Carolina","Buteo lineatus",TRUE
"43","ob_98954","2022",-96.6837,40.7702,TRUE,"Lancaster County",NA,"Nebraska","Anser rossii",TRUE
"44","ob_98951","2022",-69.49,44.063,TRUE,"Lincoln County",NA,"Maine","Birds",FALSE
"45","ob_98929","2022",-88.922,40.501,TRUE,"McLean County",NA,"Illinois","Birds",FALSE
"46","ob_98974","2022",-98.578,43.167,TRUE,"Charles Mix County",NA,"South Dakota","Birds",FALSE
"47","ob_98969","2022",-75.983,38.953,TRUE,"Queen Anne's County",NA,"Maryland","Birds",FALSE
"48","ob_98970","2022",-75.879,39.576,TRUE,"Cecil County",NA,"Maryland","Birds",FALSE
"49","ob_98968","2022",-75.629,39.637,TRUE,"New Castle County",NA,"Delaware","Birds",FALSE
"50","ob_98972","2022",-93.804,37.093,TRUE,"Lawrence County",NA,"Missouri","Birds",FALSE
"51","ob_98971","2022",-94.301,37.232,TRUE,"Jasper County",NA,"Missouri","Birds",FALSE
"52","ob_98975","2022",-88.78,43.004,FALSE,"Jefferson County",NA,"Wisconsin","Birds",FALSE
"53","ob_98973","2022",-94.706,40.726,TRUE,"Taylor County",NA,"Iowa","Birds",FALSE
"54","ob_99259","2022",-76.031,36.898,TRUE,"City of Virginia Beach",NA,"Virginia","Anas carolinensis",TRUE
"55","ob_99306","2022",-69.701,44.065,TRUE,"Lincoln County",NA,"Maine","Birds",FALSE
"56","ob_99307","2022",-97.403,37.674,TRUE,"Sedgwick County",NA,"Kansas","Birds",FALSE
"57","ob_99304","2022",-71.05,43.017,TRUE,"Rockingham County",NA,"New Hampshire","Birds",FALSE
"58","ob_99303","2022",-97.98,41.113,TRUE,"Merrick County",NA,"Nebraska","Birds",FALSE
"59","ob_99309","2022",-70.754,43.465,TRUE,"York County",NA,"Maine","Birds",FALSE
"60","ob_99308","2022",-69.17,44.15,TRUE,"Knox County",NA,"Maine","Birds",FALSE
"61","ob_99310","2022",-93.601,41.356,TRUE,"Warren County",NA,"Iowa","Birds",FALSE
"62","ob_99295","2022",-86.941,38.392,TRUE,"Dubois County",NA,"Indiana","Aythya americana",TRUE
"63","ob_99305","2022",-91.396,39.578,TRUE,"Ralls County",NA,"Missouri","Birds",FALSE
"64","ob_99299","2022",-90.348,38.646,TRUE,"Saint Louis County",NA,"Missouri","Lophodytes cucullatus",TRUE
"65","ob_99300","2022",-82.778,41.444,TRUE,"Erie County",NA,"Ohio","Larus argentatus",TRUE
"66","ob_99301","2022",-93.54,41.559,TRUE,"Polk County",NA,"Iowa","Anas platyrhynchos",TRUE
"67","ob_99296","2022",-81.663,30.264,TRUE,"Duval County",NA,"Florida","Pelecanus occidentalis",TRUE
"68","ob_99298","2022",-94.449,39.187,TRUE,"Clay County",NA,"Missouri","Pelecanus erythrorhynchos",TRUE
"69","ob_99258","2022",-72.67,40.974,TRUE,"Suffolk County",NA,"New York","Calidris alba",TRUE
"70","ob_99294","2022",-77.071,35.125,TRUE,"Craven County",NA,"North Carolina","Aix sponsa",TRUE
"71","ob_99302","2022",-70.712,43.489,TRUE,"York County",NA,"Maine","Birds",FALSE
"72","ob_99297","2022",-88.09,41.513,TRUE,"Will County",NA,"Illinois","Branta canadensis",TRUE
"73","ob_99540","2022",-97.778,43.385,TRUE,"Hutchinson County",NA,"South Dakota","Birds",FALSE
"74","ob_99489","2022",-97.787,43.665,TRUE,"Hanson County",NA,"South Dakota","Birds",FALSE
"75","ob_99496","2022",-97.531,44.372,TRUE,"Kingsbury County",NA,"South Dakota","Birds",FALSE
"76","ob_99482","2022",-95.151,42.686,TRUE,"Buena Vista County",NA,"Iowa","Birds",FALSE
"77","ob_99512","2022",-97.112,38.873,TRUE,"Dickinson County",NA,"Kansas","Birds",FALSE
"78","ob_99481","2022",-75.499,39.176,TRUE,"Kent County",NA,"Delaware","Birds",FALSE
"79","ob_99503","2022",-75.827,39.597,TRUE,"Cecil County",NA,"Maryland","Birds",FALSE
"80","ob_100276","2022",-72.747,40.896,TRUE,"Suffolk County",NA,"New York","Birds",FALSE
"81","ob_100238","2022",-98.214,44.404,TRUE,"Beadle County",NA,"South Dakota","Birds",FALSE
"82","ob_100277","2022",-72.696,40.882,TRUE,"Suffolk County",NA,"New York","Birds",FALSE
"83","ob_100247","2022",-94.542,45.152,TRUE,"Meeker County",NA,"Minnesota","Birds",FALSE
"84","ob_100248","2022",-94.236,45.548,TRUE,"Stearns County",NA,"Minnesota","Birds",FALSE
"85","ob_100240","2022",-98.629,44.081,TRUE,"Jerauld County",NA,"South Dakota","Birds",FALSE
"86","ob_100246","2022",-97.718,43.387,TRUE,"Hutchinson County",NA,"South Dakota","Birds",FALSE
"87","ob_100244","2022",-97.715,44.876,TRUE,"Clark County",NA,"South Dakota","Birds",FALSE
"88","ob_100242","2022",-99.2,45.748,TRUE,"McPherson County",NA,"South Dakota","Birds",FALSE
"89","ob_100241","2022",-97.756,43.386,TRUE,"Hutchinson County",NA,"South Dakota","Birds",FALSE
"90","ob_100118","2022",-99.195,45.449,TRUE,"Edmunds County",NA,"South Dakota","Birds",FALSE
"91","ob_100112","2022",-70.271,43.802,TRUE,"Cumberland County",NA,"Maine","Birds",FALSE
"92","ob_100114","2022",-98.269,44.371,TRUE,"Beadle County",NA,"South Dakota","Birds",FALSE
"93","ob_100115","2022",-98.487,43.148,TRUE,"Charles Mix County",NA,"South Dakota","Birds",FALSE
"94","ob_100116","2022",-97.751,43.665,TRUE,"Hanson County",NA,"South Dakota","Birds",FALSE
"95","ob_100117","2022",-97.551,44.372,TRUE,"Kingsbury County",NA,"South Dakota","Birds",FALSE
"96","ob_100110","2022",-97.138,41.25,FALSE,"Butler County",NA,"Nebraska","Birds",FALSE
"97","ob_100266","2022",-95.17,42.748,TRUE,"Buena Vista County",NA,"Iowa","Birds",FALSE
"98","ob_100268","2022",-93.26,42.741,FALSE,"Franklin County",NA,"Iowa","Birds",FALSE
"99","ob_100111","2022",-97.1,41.249,FALSE,"Butler County",NA,"Nebraska","Birds",FALSE
"100","ob_99910","2022",-95.267,38.575,TRUE,"Franklin County",NA,"Kansas","Birds",FALSE
"101","ob_100291","2022",-102.247,40.967,TRUE,"Sedgwick County",NA,"Colorado","Anser caerulescens",TRUE
"102","ob_100289","2022",-98.526,43.151,TRUE,"Charles Mix County",NA,"South Dakota","Branta canadensis",TRUE
"103","ob_100286","2022",-98.109,39.451,TRUE,"Mitchell County",NA,"Kansas","Haliaeetus leucocephalus",TRUE
"104","ob_100287","2022",-81.781,27.839,TRUE,"Polk County",NA,"Florida","Larus delawarensis",TRUE
"105","ob_100489","2022",-83.375,41.908,TRUE,"Monroe County",NA,"Michigan","Strix varia",TRUE
"106","ob_100282","2022",-92.95,43.674,TRUE,"Mower County",NA,"Minnesota","Birds",FALSE
"107","ob_100281","2022",-98.629,42.451,TRUE,"Holt County",NA,"Nebraska","Birds",FALSE
"108","ob_100290","2022",-75.591,39.955,TRUE,"Chester County",NA,"Pennsylvania","Haliaeetus leucocephalus",TRUE
"109","ob_100279","2022",-82.866,42.597,TRUE,"Macomb County",NA,"Michigan","Birds",FALSE
"110","ob_100288","2022",-80.846,28.599,TRUE,"Brevard County",NA,"Florida","Bubo virginianus",TRUE
"111","ob_100288","2022",-80.846,28.599,TRUE,"Brevard County",NA,"Florida","Ardea herodias",TRUE
"112","ob_100285","2022",-70.345,41.676,TRUE,"Barnstable County",NA,"Massachusetts","Buteo jamaicensis",TRUE
"113","ob_100284","2022",-89.002,36.419,TRUE,"Obion County",NA,"Tennessee","Aix sponsa",TRUE
"114","ob_100283","2022",-97.875,42.986,TRUE,"Bon Homme County",NA,"South Dakota","Birds",FALSE
"115","ob_101231","2022",-82.441,42.998,TRUE,"Saint Clair County",NA,"Michigan","Cygnus columbianus",TRUE
"116","ob_101094","2022",-106.72,44.345,TRUE,"Johnson County",NA,"Wyoming","Birds",FALSE
"117","ob_101234","2022",-83.112,41.35,TRUE,"Sandusky County",NA,"Ohio","Haliaeetus leucocephalus",TRUE
"118","ob_101232","2022",-81.359,28.487,TRUE,"Orange County",NA,"Florida","Haliaeetus leucocephalus",TRUE
"119","ob_101232","2022",-81.359,28.487,TRUE,"Orange County",NA,"Florida","Coragyps atratus",TRUE
"120","ob_101233","2022",-93.611,41.609,TRUE,"Polk County",NA,"Iowa","Anas platyrhynchos",TRUE
"121","ob_101229","2022",-71.045,42.983,TRUE,"Rockingham County",NA,"New Hampshire","Bubo scandiacus",TRUE
"122","ob_101226","2022",-106.992,44.811,TRUE,"Sheridan County",NA,"Wyoming","Birds",FALSE
"123","ob_101102","2022",-89.022,42.67,TRUE,"Rock County",NA,"Wisconsin","Birds",FALSE
"124","ob_101101","2022",-94.147,45.545,TRUE,"Stearns County",NA,"Minnesota","Birds",FALSE
"125","ob_101098","2022",-69.135,44.111,TRUE,"Knox County",NA,"Maine","Birds",FALSE
"126","ob_101099","2022",-69.696,44.012,TRUE,"Lincoln County",NA,"Maine","Birds",FALSE
"127","ob_101100","2022",-89.977,42.086,TRUE,"Carroll County",NA,"Illinois","Birds",FALSE
"128","ob_101097","2022",-83.01,39.887,TRUE,"Franklin County",NA,"Ohio","Birds",FALSE
"129","ob_101085","2022",-73.288,42.465,TRUE,"Berkshire County",NA,"Massachusetts","Birds",FALSE
"130","ob_101095","2022",-109.047,44.511,TRUE,"Park County",NA,"Wyoming","Birds",FALSE
"131","ob_101096","2022",-108.721,42.848,TRUE,"Fremont County",NA,"Wyoming","Birds",FALSE
"132","ob_101227","2022",-98.187,32.216,TRUE,"Erath County",NA,"Texas","Birds",FALSE
"133","ob_101228","2022",-94.331,37.201,TRUE,"Jasper County",NA,"Missouri","Birds",FALSE
"134","ob_101220","2022",-93.718,42.426,TRUE,"Hamilton County",NA,"Iowa","Birds",FALSE
"135","ob_101215","2022",-95.002,42.422,TRUE,"Sac County",NA,"Iowa","Birds",FALSE
"136","ob_101210","2022",-94.197,42.731,TRUE,"Humboldt County",NA,"Iowa","Birds",FALSE
"137","ob_101203","2022",-95.642,43.404,TRUE,"Osceola County",NA,"Iowa","Birds",FALSE
"138","ob_101197","2022",-94.493,41.632,FALSE,"Guthrie County",NA,"Iowa","Birds",FALSE
"139","ob_101206","2022",-95.573,42.734,TRUE,"Cherokee County",NA,"Iowa","Birds",FALSE
"140","ob_101201","2022",-95.091,42.719,TRUE,"Buena Vista County",NA,"Iowa","Birds",FALSE
"141","ob_101196","2022",-93.639,42.384,TRUE,"Hamilton County",NA,"Iowa","Birds",FALSE
"142","ob_101031","2022",-78.357,35.517,TRUE,"Johnston County",NA,"North Carolina","Birds",FALSE
"143","ob_101035","2022",-77.646,43.049,TRUE,"Monroe County",NA,"New York","Birds",FALSE
"144","ob_101033","2022",-78.016,35.35,TRUE,"Wayne County",NA,"North Carolina","Birds",FALSE
"145","ob_101032","2022",-78.307,35.509,TRUE,"Johnston County",NA,"North Carolina","Birds",FALSE
"146","ob_101034","2022",-77.916,35.346,TRUE,"Wayne County",NA,"North Carolina","Birds",FALSE
"147","ob_101023","2022",-98.102,44.894,TRUE,"Spink County",NA,"South Dakota","Birds",FALSE
"148","ob_101090","2022",-95.703,46.956,TRUE,"Becker County",NA,"Minnesota","Birds",FALSE
"149","ob_101067","2022",-96.103,45.051,TRUE,"Lac qui Parle County",NA,"Minnesota","Birds",FALSE
"150","ob_101074","2022",-94.355,45.963,TRUE,"Morrison County",NA,"Minnesota","Birds",FALSE
"151","ob_101086","2022",-94.212,45.567,TRUE,"Stearns County",NA,"Minnesota","Birds",FALSE
"152","ob_101029","2022",-78.345,35.491,TRUE,"Johnston County",NA,"North Carolina","Birds",FALSE
"153","ob_101089","2022",-92.859,44.018,TRUE,"Dodge County",NA,"Minnesota","Birds",FALSE
"154","ob_101087","2022",-95.022,45.104,TRUE,"Kandiyohi County",NA,"Minnesota","Birds",FALSE
"155","ob_101091","2022",-95.001,45.124,TRUE,"Kandiyohi County",NA,"Minnesota","Birds",FALSE
"156","ob_101093","2022",-94.963,45.131,TRUE,"Kandiyohi County",NA,"Minnesota","Birds",FALSE
"157","ob_101070","2022",-95.021,45.124,TRUE,"Kandiyohi County",NA,"Minnesota","Birds",FALSE
"158","ob_100923","2022",-98.545,43.169,TRUE,"Charles Mix County",NA,"South Dakota","Birds",FALSE
"159","ob_100922","2022",-99.104,45.4484,TRUE,"Edmunds County",NA,"South Dakota","Birds",FALSE
"160","ob_100924","2022",-98.212,44.893,TRUE,"Spink County",NA,"South Dakota","Birds",FALSE
"161","ob_101020","2022",-98.318,46.356,TRUE,"Lamoure County",NA,"North Dakota","Birds",FALSE
"162","ob_100925","2022",-97.129,44.023,TRUE,"Lake County",NA,"South Dakota","Birds",FALSE
"163","ob_101010","2022",-98.522,46.008,TRUE,"Dickey County",NA,"North Dakota","Birds",FALSE
"164","ob_101004","2022",-98.524,45.938,TRUE,"Dickey County",NA,"North Dakota","Birds",FALSE
"165","ob_100917","2022",-99.181,43.753,TRUE,"Brule County",NA,"South Dakota","Birds",FALSE
"166","ob_100921","2022",-99.159,45.766,TRUE,"McPherson County",NA,"South Dakota","Birds",FALSE
"167","ob_100915","2022",-99.19,45.419,TRUE,"Edmunds County",NA,"South Dakota","Birds",FALSE
"168","ob_100916","2022",-97.838,42.979,TRUE,"Bon Homme County",NA,"South Dakota","Birds",FALSE
"169","ob_101003","2022",-99.747,46.876,TRUE,"Kidder County",NA,"North Dakota","Birds",FALSE
"170","ob_101230","2022",-98.47,46.355,TRUE,"Lamoure County",NA,"North Dakota","Birds",FALSE
"171","ob_101088","2022",-93.899,44.456,TRUE,"Le Sueur County",NA,"Minnesota","Birds",FALSE
"172","ob_101092","2022",-94.395,46.008,TRUE,"Morrison County",NA,"Minnesota","Birds",FALSE
"173","ob_101554","2022",-101.394,47.31,TRUE,"Mercer County",NA,"North Dakota","Haliaeetus leucocephalus",TRUE
"174","ob_101553","2022",-94.006,44.186,TRUE,"Blue Earth County",NA,"Minnesota","Branta canadensis",TRUE
"175","ob_101556","2022",-85.585,42.279,TRUE,"Kalamazoo County",NA,"Michigan","Cygnus atratus",TRUE
"176","ob_101550","2022",-74.384,43.015,TRUE,"Fulton County",NA,"New York","Birds",FALSE
"177","ob_101567","2022",-76.184,43.066,TRUE,"Onondaga County",NA,"New York","Anatidae (incognita)",TRUE
"178","ob_101551","2022",-109.05,44.508,TRUE,"Park County",NA,"Wyoming","Birds",FALSE
"179","ob_101549","2022",-69.066,44.444,TRUE,"Waldo County",NA,"Maine","Birds",FALSE
"180","ob_101547","2022",-103.661,41.815,TRUE,"Scotts Bluff County",NA,"Nebraska","Birds",FALSE
"181","ob_101546","2022",-96.849,46.932,TRUE,"Cass County",NA,"North Dakota","Birds",FALSE
"182","ob_101563","2022",-87.632,45.135,TRUE,"Menominee County",NA,"Michigan","Birds",FALSE
"183","ob_101561","2022",-101.532,48.769,TRUE,"Renville County",NA,"North Dakota","Birds",FALSE
"184","ob_101548","2022",-110.226,47.15,TRUE,"Judith Basin County",NA,"Montana","Birds",FALSE
"185","ob_101552","2022",-76.558,42.928,TRUE,"Cayuga County",NA,"New York","Accipiter cooperii",TRUE
"186","ob_101557","2022",-81.299,29.009,TRUE,"Volusia County",NA,"Florida","Thalasseus maximus",TRUE
"187","ob_101509","2022",-96.45,45.355,TRUE,"Big Stone County",NA,"Minnesota","Birds",FALSE
"188","ob_101591","2022",-97.755,44.877,TRUE,"Clark County",NA,"South Dakota","Birds",FALSE
"189","ob_101525","2022",-94.207,45.54,TRUE,"Stearns County",NA,"Minnesota","Birds",FALSE
"190","ob_101602","2022",-91.85,45.4011,FALSE,"Barron County",NA,"Wisconsin","Birds",FALSE
"191","ob_101600","2022",-98.754,46.893,TRUE,"Stutsman County",NA,"North Dakota","Birds",FALSE
"192","ob_101571","2022",-77.991,35.427,TRUE,"Wayne County",NA,"North Carolina","Birds",FALSE
"193","ob_101572","2022",-77.963,35.426,TRUE,"Wayne County",NA,"North Carolina","Birds",FALSE
"194","ob_101511","2022",-94.909,45.135,TRUE,"Kandiyohi",NA,"Minnesota","Birds",FALSE
"195","ob_101521","2022",-93.926,44.434,TRUE,"Le Sueur County",NA,"Minnesota","Birds",FALSE
"196","ob_101512","2022",-94.408,45.976,TRUE,"Morrison County",NA,"Minnesota","Birds",FALSE
"197","ob_101584","2022",-98.173,44.371,TRUE,"Beadle County",NA,"South Dakota","Birds",FALSE
"198","ob_101568","2022",-111.28,47.524,TRUE,"Cascade County",NA,"Montana","Birds",FALSE
"199","ob_101544","2022",-106.877,39.241,TRUE,"Pitkin County",NA,"Colorado","Birds",FALSE
"200","ob_101558","2022",-93.143,42.427,TRUE,"Hardin County",NA,"Iowa","Birds",FALSE
"201","ob_101605","2022",-87.801,42.733,TRUE,"Racine County",NA,"Wisconsin","Birds",FALSE
"202","ob_101524","2022",-96.111,46.276,TRUE,"Otter Tail County",NA,"Minnesota","Birds",FALSE
"203","ob_101566","2022",-93.836,37.422,TRUE,"Dade County",NA,"Missouri","Birds",FALSE
"204","ob_101545","2022",-85.847,41.573,TRUE,"Elkhart County",NA,"Indiana","Birds",FALSE
"205","ob_101570","2022",-78.021,35.403,TRUE,"Wayne County",NA,"North Carolina","Birds",FALSE
"206","ob_101528","2022",-93.511,44.06,TRUE,"Waseca County",NA,"Minnesota","Birds",FALSE
"207","ob_101585","2022",-99.234,45.448,TRUE,"Edmunds County",NA,"South Dakota","Birds",FALSE
"208","ob_101565","2022",-95.5712,44.8069,TRUE,"Yellow Medicine County",NA,"Minnesota","Birds",FALSE
"209","ob_101564","2022",-94.312,45.97,TRUE,"Morrison County",NA,"Minnesota","Birds",FALSE
"210","ob_101562","2022",-94.338,46.017,TRUE,"Morrison County",NA,"Minnesota","Birds",FALSE
"211","ob_101560","2022",-94.378,46.019,TRUE,"Morrison County",NA,"Minnesota","Birds",FALSE
"212","ob_101529","2022",-93.465,44.054,TRUE,"Waseca County",NA,"Minnesota","Birds",FALSE
"213","ob_101586","2022",-99.021,45.036,TRUE,"Faulk County",NA,"South Dakota","Birds",FALSE
"214","ob_101587","2022",-99.2,45.766,TRUE,"McPherson County",NA,"South Dakota","Birds",FALSE
"215","ob_101588","2022",-99.24,45.767,TRUE,"McPherson County",NA,"South Dakota","Birds",FALSE
"216","ob_101589","2022",-98.337,44.878,TRUE,"Spink County",NA,"South Dakota","Birds",FALSE
"217","ob_101527","2022",-95.603,45.31,TRUE,"Swift County",NA,"Minnesota","Birds",FALSE
"218","ob_101590","2022",-97.734,44.877,TRUE,"Clark County",NA,"South Dakota","Birds",FALSE
"219","ob_101569","2022",-78.193,43.249,TRUE,"Orleans County",NA,"New York","Birds",FALSE
"220","ob_101526","2022",-94.269,45.559,TRUE,"Stearns County",NA,"Minnesota","Birds",FALSE
"221","ob_101523","2022",-94.34,45.995,TRUE,"Morrison County",NA,"Minnesota","Birds",FALSE
"222","ob_101522","2022",-94.501,45.146,TRUE,"Meeker County",NA,"Minnesota","Birds",FALSE
"223","ob_101530","2022",-94.993,44.776,TRUE,"Renville County",NA,"Minnesota","Birds",FALSE
"224","ob_101559","2022",-95.007,45.142,TRUE,"Kandiyohi County",NA,"Minnesota","Birds",FALSE
"225","ob_101719","2022",-95.593,45.325,TRUE,"Swift County",NA,"Minnesota","Birds",FALSE
"226","ob_101662","2022",-86.003,41.68,TRUE,"Elkhart County",NA,"Indiana","Birds",FALSE
"227","ob_101669","2022",-114.727,42.948,TRUE,"Gooding County",NA,"Idaho","Birds",FALSE
"228","ob_101708","2022",-94.39,45.948,TRUE,"Morrison County",NA,"Minnesota","Birds",FALSE
"229","ob_101673","2022",-94.502,45.121,TRUE,"Meeker County",NA,"Minnesota","Birds",FALSE
"230","ob_101861","2022",-107.875,37.259,TRUE,"La Plata County",NA,"Colorado","Birds",FALSE
"231","ob_101718","2022",-94.165,45.536,TRUE,"Stearns County",NA,"Minnesota","Birds",FALSE
"232","ob_101856","2022",-107.885,38.474,TRUE,"Montrose County",NA,"Colorado","Birds",FALSE
"233","ob_101716","2022",-96.121,46.289,TRUE,"Otter Tail County",NA,"Minnesota","Birds",FALSE
"234","ob_101660","2022",-87.572,45.253,TRUE,"Menominee County",NA,"Michigan","Birds",FALSE
"235","ob_101668","2022",-96.697,42.565,TRUE,"Dixon County",NA,"Nebraska","Birds",FALSE
"236","ob_101720","2022",-93.522,44.102,TRUE,"Waseca County",NA,"Minnesota","Birds",FALSE
"237","ob_101712","2022",-94.355,45.944,TRUE,"Morrison County",NA,"Minnesota","Birds",FALSE
"238","ob_101715","2022",-94.41,45.998,TRUE,"Morrison County",NA,"Minnesota","Birds",FALSE
"239","ob_101661","2022",-78.043,35.427,TRUE,"Wayne County",NA,"North Carolina","Birds",FALSE
"240","ob_101663","2022",-92.489,45.448,TRUE,"Polk County",NA,"Wisconsin","Birds",FALSE
"241","ob_101665","2022",-96.682,44.747,TRUE,"Deuel County",NA,"South Dakota","Birds",FALSE
"242","ob_101667","2022",-76.3052,40.0144,TRUE,"Lancaster County",NA,"Pennsylvania","Birds",FALSE
"243","ob_101670","2022",-93.9662,44.1797,TRUE,"Blue Earth County",NA,"Minnesota","Birds",FALSE
"244","ob_101671","2022",-93.97,44.156,TRUE,"Blue Earth County",NA,"Minnesota","Birds",FALSE
"245","ob_101672","2022",-95.083,45.14,TRUE,"Kandiyohi County",NA,"Minnesota","Birds",FALSE
"246","ob_101664","2022",-97.396,42.909,TRUE,"Yankton County",NA,"South Dakota","Birds",FALSE
"247","ob_101717","2022",-96.071,46.249,TRUE,"Otter Tail County",NA,"Minnesota","Birds",FALSE
"248","ob_101666","2022",-98.036,46.913,TRUE,"Barnes County",NA,"North Dakota","Birds",FALSE
"249","ob_101698","2022",-94.527,45.111,TRUE,"Meeker County",NA,"Minnesota","Birds",FALSE
"250","ob_101869","2022",-88.023,44.5,TRUE,"Brown County",NA,"Wisconsin","Cygnus olor",TRUE
"251","ob_101872","2022",-72.709,40.961,TRUE,"Suffolk County",NA,"New York","Phasianidae (incognita)",TRUE
"252","ob_101864","2022",-82.864,42.593,TRUE,"Macomb County",NA,"Michigan","Birds",FALSE
"253","ob_101868","2022",-112.007,46.606,TRUE,"Lewis and Clark County",NA,"Montana","Branta canadensis",TRUE
"254","ob_101871","2022",-97.07,47.936,TRUE,"Grand Forks County",NA,"North Dakota","Corvus brachyrhynchos",TRUE
"255","ob_101870","2022",-73.091,44.808,TRUE,"Franklin County",NA,"Vermont","Haliaeetus leucocephalus",TRUE
"256","ob_101873","2022",-92.843,44.741,TRUE,"Dakota County",NA,"Minnesota","Corvidae (incognita)",TRUE
"257","ob_101866","2022",-87.612,45.143,TRUE,"Menominee County",NA,"Michigan","Birds",FALSE
"258","ob_101855","2022",-93.906,45.657,TRUE,"Benton County",NA,"Minnesota","Birds",FALSE
"259","ob_101865","2022",-83.95,42.602,TRUE,"Livingston County",NA,"Michigan","Birds",FALSE
"260","ob_101863","2022",-111.574,40.262,TRUE,"Utah County",NA,"Utah","Birds",FALSE
"261","ob_101862","2022",-111.573,42.671,TRUE,"Caribou County",NA,"Idaho","Birds",FALSE
"262","ob_101860","2022",-87.708,43.719,TRUE,"Sheboygan County",NA,"Wisconsin","Birds",FALSE
"263","ob_101858","2022",-89.469,43.555,TRUE,"Columbia County",NA,"Wisconsin","Birds",FALSE
"264","ob_101729","2022",-100.448,47.485,TRUE,"Sheridan County",NA,"North Dakota","Birds",FALSE
"265","ob_101728","2022",-111.835,48.483,TRUE,"Toole County",NA,"Montana","Birds",FALSE
"266","ob_101857","2022",-93.897,45.67,TRUE,"Benton County",NA,"Minnesota","Birds",FALSE
"267","ob_101730","2022",-98.306,46.355,TRUE,"Lamoure County",NA,"North Dakota","Birds",FALSE
"268","ob_102118","2022",-72.533,44.247,TRUE,"Washington County",NA,"Vermont","Cathartes aura",TRUE
"269","ob_102121","2022",-89.47,43.556,TRUE,"Columbia County",NA,"Wisconsin","Cygnus buccinator",TRUE
"270","ob_102123","2022",-76.115,43.016,TRUE,"Onondaga County",NA,"New York","Anas formosa",TRUE
"271","ob_102115","2022",-67.487,44.703,TRUE,"Washington County",NA,"Maine","Birds",FALSE
"272","ob_102117","2022",-114.699,42.948,TRUE,"Gooding County",NA,"Idaho","Birds",FALSE
"273","ob_102114","2022",-94.331,40.256,TRUE,"Gentry County",NA,"Missouri","Birds",FALSE
"274","ob_102113","2022",-98.103,39.48,TRUE,"Mitchell County",NA,"Kansas","Birds",FALSE
"275","ob_102116","2022",-92.471,45.459,TRUE,"Polk County",NA,"Wisconsin","Birds",FALSE
"276","ob_102119","2022",-99.2,48.482,TRUE,"Towner County",NA,"North Dakota","Bucephala clangula",TRUE
"277","ob_102120","2022",-93.635,44.795,TRUE,"Carver County",NA,"Minnesota","Anser albifrons",TRUE
"278","ob_102122","2022",-87.567,41.694,TRUE,"Cook County",NA,"Illinois","Phalacrocoracidae (incognita)",TRUE
"279","ob_102219","2022",-76.265,40.087,TRUE,"Lancaster County",NA,"Pennsylvania","Birds",FALSE
"280","ob_102233","2022",-96.077,46.283,TRUE,"Otter Tail 04",NA,"Minnesota","Birds",FALSE
"281","ob_102231","2022",-95.545,44.788,TRUE,"Yellow Medicine County",NA,"Minnesota","Birds",FALSE
"282","ob_102239","2022",-94.87,46.019,TRUE,"Todd County",NA,"Minnesota","Birds",FALSE
"283","ob_102221","2022",-76.3306,40.0728,TRUE,"Lancaster County",NA,"Pennsylvania","Birds",FALSE
"284","ob_102224","2022",-76.244,40.04,TRUE,"Lancaster County",NA,"Pennsylvania","Birds",FALSE
"285","ob_102235","2022",-94.363,45.999,TRUE,"Morrison County",NA,"Minnesota","Birds",FALSE
"286","ob_102243","2022",-95.082,45.104,TRUE,"Kandiyohi County",NA,"Minnesota","Birds",FALSE
"287","ob_102242","2022",-94.849,46.02,TRUE,"Todd County",NA,"Minnesota","Birds",FALSE
"288","ob_102240","2022",-94.868,46.051,TRUE,"Todd County",NA,"Minnesota","Birds",FALSE
"289","ob_102241","2022",-94.218,45.528,TRUE,"Stearns County",NA,"Minnesota","Birds",FALSE
"290","ob_102251","2022",-96.833,46.261,TRUE,"Richland County",NA,"North Dakota","Birds",FALSE
"291","ob_102250","2022",-98.712,46.884,TRUE,"Stutsman County",NA,"North Dakota","Birds",FALSE
"292","ob_102257","2022",-94.159,45.557,TRUE,"Stearns County",NA,"Minnesota","Birds",FALSE
"293","ob_102244","2022",-111.71,43.773,TRUE,"Madison County",NA,"Idaho","Birds",FALSE
"294","ob_102245","2022",-86.0036,41.6665,TRUE,"Elkhart County",NA,"Indiana","Birds",FALSE
"295","ob_102249","2022",-97.619,38.38,TRUE,"McPherson County",NA,"Kansas","Birds",FALSE
"296","ob_102227","2022",-95.615,45.319,TRUE,"Swift County",NA,"Minnesota","Birds",FALSE
"297","ob_102237","2022",-94.869,46.039,TRUE,"Todd County",NA,"Minnesota","Birds",FALSE
"298","ob_102476","2022",-113.497,48.7,TRUE,"Glacier County",NA,"Montana","Birds",FALSE
"299","ob_102478","2022",-111.882,41.742,TRUE,"Cache County",NA,"Utah","Birds",FALSE
"300","ob_102510","2022",-94.147,45.545,TRUE,"Stearns County",NA,"Minnesota","Birds",FALSE
"301","ob_102509","2022",-97.621,39.833,TRUE,"Republic County",NA,"Kansas","Birds",FALSE
"302","ob_102508","2022",-76.285,40.026,TRUE,"Lancaster County",NA,"Pennsylvania","Birds",FALSE
"303","ob_102507","2022",-91.828,45.398,TRUE,"Barron County",NA,"Wisconsin","Birds",FALSE
"304","ob_102481","2022",-76.283,40.022,TRUE,"Lancaster County",NA,"Pennsylvania","Birds",FALSE
"305","ob_102480","2022",-96.603,46.298,TRUE,"Richland County",NA,"North Dakota","Birds",FALSE
"306","ob_102479","2022",-76.28,40.053,TRUE,"Lancaster County",NA,"Pennsylvania","Birds",FALSE
"307","ob_102475","2022",-93.82,37.108,TRUE,"Lawrence County",NA,"Missouri","Birds",FALSE
"308","ob_102506","2022",-85.386,44.238,TRUE,"Wexford County",NA,"Michigan","Birds",FALSE
"309","ob_102511","2022",-104.792,40.444,TRUE,"Weld County",NA,"Colorado","Birds",FALSE
"310","ob_102482","2022",-97.879,42.608,TRUE,"Knox County",NA,"Nebraska","Birds",FALSE
"311","ob_102477","2022",-92.459,42.716,TRUE,"Bremer County",NA,"Iowa","Birds",FALSE
"312","ob_102703","2022",-83.122,29.649,TRUE,"Dixie County",NA,"Florida","Gavia immer",TRUE
"313","ob_102703","2022",-83.122,29.649,TRUE,"Dixie County",NA,"Florida","Larus atricilla",TRUE
"314","ob_102700","2022",-81.721,30.268,TRUE,"Duval County",NA,"Florida","Cairina moschata",TRUE
"315","ob_102685","2022",-96.097,41.551,TRUE,"Washington County",NA,"Nebraska","Birds",FALSE
"316","ob_102695","2022",-88.444,43.737,TRUE,"Fond du Lac County",NA,"Wisconsin","Birds",FALSE
"317","ob_102682","2022",-95.617,45.324,TRUE,"Swift County",NA,"Minnesota","Birds",FALSE
"318","ob_102694","2022",-85.033,41.955,TRUE,"Branch County",NA,"Michigan","Birds",FALSE
"319","ob_102676","2022",-83.913,43.434,TRUE,"Saginaw County",NA,"Michigan","Birds",FALSE
"320","ob_102693","2022",-92.822,45.407,TRUE,"Chisago County",NA,"Minnesota","Birds",FALSE
"321","ob_102673","2022",-87.631,45.138,TRUE,"Menominee County",NA,"Michigan","Birds",FALSE
"322","ob_102683","2022",-71.944,44.447,TRUE,"Caledonia County",NA,"Vermont","Birds",FALSE
"323","ob_102689","2022",-109.491,47.046,TRUE,"Fergus County",NA,"Montana","Birds",FALSE
"324","ob_102672","2022",-93.293,44.34,TRUE,"Rice County",NA,"Minnesota","Birds",FALSE
"325","ob_102680","2022",-93.634,44.793,TRUE,"Carver County",NA,"Minnesota","Birds",FALSE
"326","ob_102692","2022",-92.814,45.404,TRUE,"Chisago County",NA,"Minnesota","Birds",FALSE
"327","ob_102699","2022",-92.964,45.851,TRUE,"Pine County",NA,"Minnesota","Quiscalus quiscula",TRUE
"328","ob_102702","2022",-108.721,42.849,TRUE,"Fremont County",NA,"Wyoming","Branta canadensis",TRUE
"329","ob_102674","2022",-113.963,46.916,TRUE,"Missoula County",NA,"Montana","Birds",FALSE
"330","ob_102687","2022",-111.95,48.18,TRUE,"Pondera County",NA,"Montana","Birds",FALSE
"331","ob_102698","2022",-89.712,43.464,TRUE,"Sauk County",NA,"Wisconsin","Birds",FALSE
"332","ob_102688","2022",-111.012,45.676,TRUE,"Gallatin County",NA,"Montana","Birds",FALSE
"333","ob_102691","2022",-94.341,45.995,TRUE,"Morrison County",NA,"Minnesota","Birds",FALSE
"334","ob_102677","2022",-86.046,39.467,TRUE,"Johnson County",NA,"Indiana","Birds",FALSE
"335","ob_102701","2022",-106.992,44.811,TRUE,"Sheridan County",NA,"Wyoming","Meleagris gallopavo",TRUE
"336","ob_102697","2022",-92.823,45.393,TRUE,"Chisago County",NA,"Minnesota","Birds",FALSE
"337","ob_102696","2022",-92.472,45.459,TRUE,"Polk County",NA,"Wisconsin","Birds",FALSE
"338","ob_102690","2022",-149.159,61.587,TRUE,"Matanuska-Susitna County",NA,"Alaska","Birds",FALSE
"339","ob_102675","2022",-94.245,43.08,TRUE,"Kossuth County",NA,"Iowa","Birds",FALSE
"340","ob_102686","2022",-87.886,44.885,TRUE,"Oconto County",NA,"Wisconsin","Birds",FALSE
"341","ob_102684","2022",-91.836,45.399,TRUE,"Barron County",NA,"Wisconsin","Birds",FALSE
"342","ob_102984","2022",-100.785,46.779,TRUE,"Burleigh County",NA,"North Dakota","Grus canadensis",TRUE
"343","ob_102964","2022",-92.497,42.721,TRUE,"Bremer County",NA,"Iowa","Birds",FALSE
"344","ob_102969","2022",-123.133,44.601,TRUE,"Linn County",NA,"Oregon","Birds",FALSE
"345","ob_102963","2022",-93.623,44.762,TRUE,"Carver County",NA,"Minnesota","Birds",FALSE
"346","ob_102985","2022",-117.919,48.554,TRUE,"Stevens County",NA,"Washington","Haliaeetus leucocephalus",TRUE
"347","ob_102983","2022",-106.741,44.328,TRUE,"Johnson County",NA,"Wyoming","Pica hudsonia",TRUE
"348","ob_102972","2022",-109.464,47.028,TRUE,"Fergus County",NA,"Montana","Birds",FALSE
"349","ob_102982","2022",-72.653,40.97,TRUE,"Suffolk County",NA,"New York","Corvus ossifragus",TRUE
"350","ob_102981","2022",-80.838,28.579,TRUE,"Brevard County",NA,"Florida","Thalasseus maximus",TRUE
"351","ob_102897","2022",-97.213,44.66,TRUE,"Hamlin County",NA,"South Dakota","Birds",FALSE
"352","ob_102896","2022",-88.345,41.894,TRUE,"Kane County",NA,"Illinois","Birds",FALSE
"353","ob_102973","2022",-83.269,42.676,TRUE,"Oakland County",NA,"Michigan","Birds",FALSE
"354","ob_102970","2022",-93.373,45.213,TRUE,"Anoka County",NA,"Minnesota","Birds",FALSE
"355","ob_102965","2022",-92.495,44.74,TRUE,"Pierce County",NA,"Wisconsin","Birds",FALSE
"356","ob_102980","2022",-94.787,35.446,TRUE,"Sequoyah County",NA,"Oklahoma","Birds",FALSE
"357","ob_102986","2022",-75.906,40.308,TRUE,"Berks County",NA,"Pennsylvania","Birds",FALSE
"358","ob_102978","2022",-98.213,44.328,FALSE,"Beadle County",NA,"South Dakota","Birds",FALSE
"359","ob_102976","2022",-123.802,46.663,TRUE,"Pacific County",NA,"Washington","Birds",FALSE
"360","ob_102979","2022",-95.756,44.414,TRUE,"Lyon County",NA,"Minnesota","Birds",FALSE
"361","ob_102990","2022",-76.377,40.054,TRUE,"Lancaster County",NA,"Pennsylvania","Birds",FALSE
"362","ob_102987","2022",-75.923,40.315,TRUE,"Berks County",NA,"Pennsylvania","Birds",FALSE
"363","ob_102989","2022",-75.926,40.297,TRUE,"Berks County",NA,"Pennsylvania","Birds",FALSE
"364","ob_102988","2022",-75.867,40.31,TRUE,"Berks County",NA,"Pennsylvania","Birds",FALSE
"365","ob_102977","2022",-97.519,45.326,TRUE,"Day County",NA,"South Dakota","Birds",FALSE
"366","ob_102975","2022",-94.207,46.347,TRUE,"Crow Wing County",NA,"Minnesota","Birds",FALSE
"367","ob_102992","2022",-91.848,45.406,TRUE,"Barron County",NA,"Wisconsin","Birds",FALSE
"368","ob_102993","2022",-91.847,45.41,TRUE,"Barron County",NA,"Wisconsin","Birds",FALSE
"369","ob_102974","2022",-116.71,43.604,TRUE,"Canyon County",NA,"Idaho","Birds",FALSE
"370","ob_102991","2022",-91.861,45.412,TRUE,"Barron County",NA,"Wisconsin","Birds",FALSE
"371","ob_103189","2022",-81.685,41.494,TRUE,"Cuyahoga County",NA,"Ohio","Falco peregrinus",TRUE
"372","ob_103191","2022",-99.911,46.863,TRUE,"Kidder County",NA,"North Dakota","Circus cyaneus",TRUE
"373","ob_103191","2022",-99.911,46.863,TRUE,"Kidder County",NA,"North Dakota","Accipiter striatus",TRUE
"374","ob_103127","2022",-119.551,48.39,TRUE,"Okanogan County",NA,"Washington","Birds",FALSE
"375","ob_103190","2022",-114.215,44.525,TRUE,"Custer County",NA,"Idaho","Bubo virginianus",TRUE
"376","ob_103131","2022",-122.477,48.709,TRUE,"Whatcom County",NA,"Washington","Birds",FALSE
"377","ob_103188","2022",-177.273,51.762,TRUE,"Aleutians West Borough",NA,"Alaska","Haliaeetus leucocephalus",TRUE
"378","ob_103126","2022",-116.196,43.568,TRUE,"Ada County",NA,"Idaho","Birds",FALSE
"379","ob_103130","2022",-116.255,43.65,TRUE,"Ada County",NA,"Idaho","Birds",FALSE
"380","ob_103132","2022",-116.65,43.65,TRUE,"Canyon County",NA,"Idaho","Birds",FALSE
"381","ob_103125","2022",-111.895,41.746,TRUE,"Cache County",NA,"Utah","Birds",FALSE
"382","ob_103120","2022",-94.878,45.992,TRUE,"Todd County",NA,"Minnesota","Birds",FALSE
"383","ob_103119","2022",-117.495,47.713,TRUE,"Spokane County",NA,"Washington","Birds",FALSE
"384","ob_103121","2022",-122.461,47.232,TRUE,"Pierce County",NA,"Washington","Birds",FALSE
"385","ob_103122","2022",-122.417,47.31,TRUE,"Pierce County",NA,"Washington","Birds",FALSE
"386","ob_103123","2022",-123.403,48.107,TRUE,"Clallam County",NA,"Washington","Birds",FALSE
"387","ob_103124","2022",-123.47,48.119,TRUE,"Clallam County",NA,"Washington","Birds",FALSE
"388","ob_103129","2022",-92.81,45.404,TRUE,"Chisago County",NA,"Minnesota","Birds",FALSE
"389","ob_103128","2022",-95.994,45.989,TRUE,"Grant County",NA,"Minnesota","Birds",FALSE
"390","ob_103174","2022",-75.899,40.289,TRUE,"Berks County",NA,"Pennsylvania","Birds",FALSE
"391","ob_103175","2022",-91.835,45.401,TRUE,"Barron County",NA,"Wisconsin","Birds",FALSE
"392","ob_103177","2022",-86.204,43.22,TRUE,"Muskegon County",NA,"Michigan","Birds",FALSE
"393","ob_103178","2022",-116.177,43.556,TRUE,"Ada County",NA,"Idaho","Birds",FALSE
"394","ob_103176","2022",-92.815,45.39,TRUE,"Chisago County",NA,"Minnesota","Birds",FALSE
"395","ob_103423","2022",-123.013,43.908,TRUE,"Lane County",NA,"Oregon","Birds",FALSE
"396","ob_103415","2022",-116.733,43.603,TRUE,"Canyon County",NA,"Idaho","Birds",FALSE
"397","ob_103418","2022",-95.0425,45.1427,TRUE,"Kandiyohi County",NA,"Minnesota","Birds",FALSE
"398","ob_103422","2022",-75.89,40.295,TRUE,"Berks County",NA,"Pennsylvania","Birds",FALSE
"399","ob_103421","2022",-75.905,40.299,TRUE,"Berks County",NA,"Pennsylvania","Birds",FALSE
"400","ob_103420","2022",-75.925,40.284,TRUE,"Berks County",NA,"Pennsylvania","Birds",FALSE
"401","ob_103416","2022",-116.722,43.596,TRUE,"Canyon County",NA,"Idaho","Birds",FALSE
"402","ob_103414","2022",-116.6937,43.6179,TRUE,"Canyon County",NA,"Idaho","Birds",FALSE
"403","ob_103413","2022",-116.354,43.576,TRUE,"Ada County",NA,"Idaho","Birds",FALSE
"404","ob_103417","2022",-116.7225,43.6037,FALSE,"Canyon County",NA,"Idaho","Birds",FALSE
"405","ob_103419","2022",-93.12,44.846,TRUE,"Dakota County",NA,"Minnesota","Birds",FALSE
"406","ob_103425","2022",-74.294,40.286,TRUE,"Monmouth County",NA,"New Jersey","Birds",FALSE
"407","ob_103426","2022",-116.2735,43.5899,TRUE,"Ada County",NA,"Idaho","Birds",FALSE
"408","ob_103424","2022",-97.131,44.89,TRUE,"Codington County",NA,"South Dakota","Birds",FALSE
"409","ob_103500","2022",-90.377,45.693,TRUE,"Price County",NA,"Wisconsin","Corvus corax",TRUE
"410","ob_103499","2022",-87.693,44.129,TRUE,"Manitowoc County",NA,"Wisconsin","Oxyura jamaicensis",TRUE
"411","ob_103353","2022",-96.751,46.9,TRUE,"Clay County",NA,"Minnesota","Birds",FALSE
"412","ob_103347","2022",-91.934,44.896,TRUE,"Dunn County",NA,"Wisconsin","Birds",FALSE
"413","ob_103351","2022",-116.7,43.679,TRUE,"Canyon County",NA,"Idaho","Birds",FALSE
"414","ob_103350","2022",-122.837,47.052,TRUE,"Thurston County",NA,"Washington","Birds",FALSE
"415","ob_103354","2022",-106.961,44.812,TRUE,"Sheridan County",NA,"Wyoming","Birds",FALSE
"416","ob_103348","2022",-88.874,42.268,TRUE,"Boone County",NA,"Illinois","Birds",FALSE
"417","ob_103344","2022",-116.232,43.626,TRUE,"Ada County",NA,"Idaho","Birds",FALSE
"418","ob_103355","2022",-85.094,41.081,TRUE,"Allen County",NA,"Indiana","Birds",FALSE
"419","ob_103349","2022",-102.242,48.797,TRUE,"Burke County",NA,"North Dakota","Birds",FALSE
"420","ob_103352","2022",-116.255,43.652,TRUE,"Ada County",NA,"Idaho","Birds",FALSE
"421","ob_103432","2022",-105.185,39.776,TRUE,"Jefferson County",NA,"Colorado","Anas platyrhynchos",TRUE
"422","ob_103430","2022",-116.637,43.637,TRUE,"Canyon County",NA,"Idaho","Birds",FALSE
"423","ob_103434","2022",-105.493,44.28,TRUE,"Campbell County",NA,"Wyoming","Birds",FALSE
"424","ob_103435","2022",-116.236,43.672,TRUE,"Ada County",NA,"Idaho","Birds",FALSE
"425","ob_103431","2022",-116.689,43.594,TRUE,"Canyon County",NA,"Idaho","Birds",FALSE
"426","ob_103436","2022",-116.132,43.597,TRUE,"Ada County",NA,"Idaho","Birds",FALSE
"427","ob_103501","2022",-111.576,40.281,TRUE,"Utah County",NA,"Utah","Spheniscidae (incognita)",TRUE
"428","ob_103496","2022",-98.711,46.926,TRUE,"Stutsman County",NA,"North Dakota","Turdus migratorius",TRUE
"429","ob_103498","2022",-87.897,42.936,TRUE,"Milwaukee County",NA,"Wisconsin","Phalacrocorax auritus",TRUE
"430","ob_103502","2022",-112.056,40.808,TRUE,"Salt Lake County",NA,"Utah","Birds",FALSE
"431","ob_103346","2022",-110.553,41.772,TRUE,"Lincoln County",NA,"Wyoming","Birds",FALSE
"432","ob_103433","2022",-96.585,47.786,TRUE,"Polk County",NA,"Minnesota","Birds",FALSE
"433","ob_103428","2022",-116.677,43.67,TRUE,"Canyon County",NA,"Idaho","Birds",FALSE
"434","ob_103429","2022",-116.332,43.671,TRUE,"Ada County",NA,"Idaho","Birds",FALSE
"435","ob_103345","2022",-87.639,45.1,TRUE,"Marinette County",NA,"Wisconsin","Birds",FALSE
"436","ob_103628","2022",-116.331,43.671,TRUE,"Ada County",NA,"Idaho","Birds",FALSE
"437","ob_103631","2022",-122.334,47.535,TRUE,"King County",NA,"Washington","Birds",FALSE
"438","ob_103629","2022",-122.34,47.574,TRUE,"King County",NA,"Washington","Birds",FALSE
"439","ob_103630","2022",-122.321,47.683,TRUE,"King County",NA,"Washington","Birds",FALSE
"440","ob_103632","2022",-122.17,48.003,TRUE,"Snohomish County",NA,"Washington","Birds",FALSE
"441","ob_103627","2022",-90.81,46.816,TRUE,"Bayfield County",NA,"Wisconsin","Birds",FALSE
"442","ob_103901","2022",-104.799,40.423,TRUE,"Weld County",NA,"Colorado","Birds",FALSE
"443","ob_103897","2022",-100.584,48.311,TRUE,"McHenry County",NA,"North Dakota","Birds",FALSE
"444","ob_103896","2022",-75.906,40.282,TRUE,"Berks County",NA,"Pennsylvania","Birds",FALSE
"445","ob_103877","2022",-98.624,46.909,TRUE,"Stutsman County",NA,"North Dakota","Egretta thula",TRUE
"446","ob_103876","2022",-98.892,48.114,TRUE,"Ramsey County",NA,"North Dakota","Falco sparverius",TRUE
"447","ob_103875","2022",-98.663,46.938,TRUE,"Stutsman County",NA,"North Dakota","Buteo platypterus",TRUE
"448","ob_103853","2022",-82.316,32.219,TRUE,"Toombs County",NA,"Georgia","Birds",FALSE
"449","ob_103852","2022",-122.212,47.905,TRUE,"Snohomish County",NA,"Washington","Birds",FALSE
"450","ob_103851","2022",-95.875,46.814,TRUE,"Becker County",NA,"Minnesota","Birds",FALSE
"451","ob_103874","2022",-123.086,44.1,TRUE,"Lane County",NA,"Oregon","Branta canadensis",TRUE
"452","ob_103873","2022",-85.241,45.325,TRUE,"Charlevoix County",NA,"Michigan","Buteo lagopus",TRUE
"453","ob_104010","2022",-104.822,40.423,TRUE,"Weld County",NA,"Colorado","Birds",FALSE
"454","ob_104007","2022",-121.79,47.481,TRUE,"King County",NA,"Washington","Birds",FALSE
"455","ob_104005","2022",-85.058,41.079,TRUE,"Allen County",NA,"Indiana","Birds",FALSE
"456","ob_104358","2022",-94.569,47.097,TRUE,"Cass County",NA,"Minnesota","Sterna hirundo",TRUE
"457","ob_104361","2022",-109.853,42.864,TRUE,"Sublette County",NA,"Wyoming","Podiceps auritus",TRUE
"458","ob_104362","2022",-83.459,45.065,TRUE,"Alpena County",NA,"Michigan","Agelaius phoeniceus",TRUE
"459","ob_104364","2022",-111.678,43.963,TRUE,"Fremont County",NA,"Idaho","Buteo swainsoni",TRUE
"460","ob_104359","2022",-94.586,47.101,TRUE,"Cass County",NA,"Minnesota","Hydroprogne caspia",TRUE
"461","ob_104190","2022",-123.32,44.925,TRUE,"Polk County",NA,"Oregon","Birds",FALSE
"462","ob_104185","2022",-85.161,41.067,TRUE,"Allen County",NA,"Indiana","Birds",FALSE
"463","ob_104356","2022",-112.11,33.465,TRUE,"Maricopa County",NA,"Arizona","Nannopterum brasilianum",TRUE
"464","ob_104360","2022",-109.878,42.866,TRUE,"Sublette County",NA,"Wyoming","Podiceps nigricollis",TRUE
"465","ob_104363","2022",-145.617,61.509,TRUE,"Valdez-Cordova",NA,"Alaska","Branta bernicla",TRUE
"466","ob_104357","2022",-77.039,38.879,TRUE,"District of Columbia",NA,"District of Columbia","Anas platyrhynchos",TRUE
"467","ob_104365","2022",-93.288,44.977,TRUE,"Hennepin County",NA,"Minnesota","Junco hyemalis",TRUE
"468","ob_104188","2022",-122.215,47.847,TRUE,"Snohomish County",NA,"Washington","Birds",FALSE
"469","ob_104187","2022",-122.129,47.967,TRUE,"Snohomish County",NA,"Washington","Birds",FALSE
"470","ob_104189","2022",-120.471,46.572,TRUE,"Yakima County",NA,"Washington","Birds",FALSE
"471","ob_104186","2022",-120.506,46.626,TRUE,"Yakima County",NA,"Washington","Birds",FALSE
"472","ob_104464","2022",-111.95,40.768,TRUE,"Salt Lake County",NA,"Utah","Birds",FALSE
"473","ob_104467","2022",-122.211,47.924,TRUE,"Snohomish County",NA,"Washington","Birds",FALSE
"474","ob_104469","2022",-116.175,43.553,TRUE,"Ada County",NA,"Idaho","Megascops kennicottii",TRUE
"475","ob_104465","2022",-120.474,46.596,TRUE,"Yakima County",NA,"Washington","Birds",FALSE
"476","ob_104468","2022",-122.338,47.68,TRUE,"King County",NA,"Washington","Birds",FALSE
"477","ob_104466","2022",-122.32,47.571,TRUE,"King County",NA,"Washington","Birds",FALSE
"478","ob_104707","2022",-122.144,47.555,TRUE,"King County",NA,"Washington","Birds",FALSE
"479","ob_104781","2022",-149.126,61.589,TRUE,"Matanuska-Susitna Borough",NA,"Alaska","Podiceps grisegena",TRUE
"480","ob_104779","2022",-160.48,55.31,TRUE,"Aleutians East Borough",NA,"Alaska","Larus hyperboreus",TRUE
"481","ob_104772","2022",-122.517,47.259,TRUE,"Pierce County",NA,"Washington","Birds",FALSE
"482","ob_104778","2022",-116.255,43.648,TRUE,"Ada County",NA,"Idaho","Parabuteo unicinctus",TRUE
"483","ob_104780","2022",-161.781,60.761,TRUE,"Bethel",NA,"Alaska","Xema sabini",TRUE
"484","ob_104782","2022",-80.846,28.599,TRUE,"Brevard County",NA,"Florida","Mycteria americana",TRUE
"485","ob_104784","2022",-161.821,60.8,TRUE,"Bethel",NA,"Alaska","Calidris alpina",TRUE
"486","ob_104777","2022",-123.104,44.63,TRUE,"Linn County",NA,"Oregon","Birds",FALSE
"487","ob_104776","2022",-122.776,48.121,TRUE,"Jefferson County",NA,"Washington","Birds",FALSE
"488","ob_104783","2022",-148.539,61.3,TRUE,"Anchorage Borough",NA,"Alaska","Larus brachyrhynchus",TRUE
"489","ob_104785","2022",-71.514,41.451,TRUE,"Washington County",NA,"Rhode Island","Larus marinus",TRUE
"490","ob_104775","2022",-122.646,47.503,TRUE,"Kitsap County",NA,"Washington","Birds",FALSE
"491","ob_104774","2022",-70.285,43.656,TRUE,"Cumberland County",NA,"Maine","Birds",FALSE
"492","ob_104773","2022",-120.556,46.623,TRUE,"Yakima County",NA,"Washington","Birds",FALSE
"493","ob_104849","2022",-111.979,40.769,TRUE,"Salt Lake County",NA,"Utah","Birds",FALSE
"494","ob_104850","2022",-119.772,39.123,TRUE,"Carson City",NA,"Nevada","Birds",FALSE
"495","ob_105094","2022",-111.637,39.255,TRUE,"Sanpete County",NA,"Utah","Birds",FALSE
"496","ob_105092","2022",-121.308,44.074,TRUE,"Deschutes County",NA,"Oregon","Birds",FALSE
"497","ob_105093","2022",-121.307,44.053,TRUE,"Deschutes County",NA,"Oregon","Birds",FALSE
"498","ob_105104","2022",-161.819,60.814,TRUE,"Bethel",NA,"Alaska","Stercorarius parasiticus",TRUE
"499","ob_105103","2022",-161.793,60.778,TRUE,"Bethel",NA,"Alaska","Sterna paradisaea",TRUE
"500","ob_105105","2022",-122.015,39.215,TRUE,"Colusa County",NA,"California","Branta canadensis",TRUE
"501","ob_105445","2022",-81.28,28.777,TRUE,"Seminole County",NA,"Florida","Birds",FALSE
"502","ob_105450","2022",-122.764,48.125,TRUE,"Jefferson County",NA,"Washington","Birds",FALSE
"503","ob_105447","2022",-121.348,44.043,TRUE,"Deschutes County",NA,"Oregon","Birds",FALSE
"504","ob_105448","2022",-121.303,44.076,TRUE,"Deschutes County",NA,"Oregon","Birds",FALSE
"505","ob_105449","2022",-114.316,48.203,TRUE,"Flathead County",NA,"Montana","Birds",FALSE
"506","ob_105451","2022",-124.19,43.185,TRUE,"Coos County",NA,"Oregon","Birds",FALSE
"507","ob_105541","2022",-80.169,26.138,TRUE,"Broward County",NA,"Florida","Caracara cheriway",TRUE
"508","ob_105540","2022",-69.979,41.295,TRUE,"Nantucket County",NA,"Massachusetts","Pandion haliaetus",TRUE
"509","ob_105539","2022",-70.343,41.676,TRUE,"Barnstable County",NA,"Massachusetts","Morus bassanus",TRUE
"510","ob_105538","2022",-70.417,41.68,TRUE,"Barnstable County",NA,"Massachusetts","Somateria mollissima",TRUE
"511","ob_105536","2022",-76.862,42.905,TRUE,"Seneca County",NA,"New York","Megascops asio",TRUE
"512","ob_105645","2022",-111.6483,39.2667,TRUE,"Sanpete County",NA,"Utah","Birds",FALSE
"513","ob_105646","2022",-111.6365,39.2731,TRUE,"Sanpete County",NA,"Utah","Birds",FALSE
"514","ob_105643","2022",-122.1908,47.9753,TRUE,"Snohomish County",NA,"Washington","Birds",FALSE
"515","ob_105644","2022",-121.3232,44.0625,TRUE,"Deschutes County",NA,"Oregon","Birds",FALSE
"516","ob_105642","2022",-121.3,44.06,TRUE,"Deschutes County",NA,"Oregon","Birds",FALSE
"517","ob_105705","2022",-161.792,60.778,TRUE,"Bethel",NA,"Alaska","Birds",FALSE
"518","ob_105953","2022",-75.248,40.6911,TRUE,"Northampton County",NA,"Pennsylvania","Birds",FALSE
"519","ob_105967","2022",-151.074,60.481,TRUE,"Kenai Peninsula Borough",NA,"Alaska","Tachycineta bicolor",TRUE
"520","ob_105968","2022",-119.779,38.963,TRUE,"Douglas County",NA,"Nevada","Bubo virginianus",TRUE
"521","ob_105966","2022",-121.572,39.519,TRUE,"Butte County",NA,"California","Birds",FALSE
"522","ob_105964","2022",-121.484,38.606,TRUE,"Sacramento County",NA,"California","Birds",FALSE
"523","ob_105965","2022",-81.41,28.312,TRUE,"Osceola County",NA,"Florida","Birds",FALSE
"524","ob_106134","2022",-118.299,46.072,TRUE,"Walla Walla County",NA,"Washington","Birds",FALSE
"525","ob_106135","2022",-122.107,38.01,TRUE,"Contra Costa County",NA,"California","Birds",FALSE
"526","ob_106048","2022",-119.792,36.724,TRUE,"Fresno County",NA,"California","Birds",FALSE
"527","ob_106262","2022",-120.387,37.983,TRUE,"Tuolumne County",NA,"California","Birds",FALSE
"528","ob_106263","2022",-119.798,36.724,TRUE,"Fresno County",NA,"California","Birds",FALSE
"529","ob_106334","2022",-121.447,38.588,TRUE,"Sacramento County",NA,"California","Birds",FALSE
"530","ob_106335","2022",-120.389,37.98,TRUE,"Tuolumne County",NA,"California","Birds",FALSE
"531","ob_106336","2022",-120.385,37.99,TRUE,"Tuolumne County",NA,"California","Birds",FALSE
"532","ob_106297","2022",-84.129,33.447,TRUE,"Henry 01",NA,"Georgia","Birds",FALSE
"533","ob_106299","2022",-111.994,41.234,TRUE,"Weber County",NA,"Utah","Birds",FALSE
"534","ob_106301","2022",-121.766,42.201,TRUE,"Klamath County",NA,"Oregon","Anas cyanoptera",TRUE
"535","ob_106300","2022",-122.874,46.101,TRUE,"Cowlitz County",NA,"Washington","Birds",FALSE
"536","ob_106298","2022",-122.46,47.23,TRUE,"Pierce County",NA,"Washington","Birds",FALSE
"537","ob_106340","2022",-122.708,47.484,TRUE,"Kitsap County",NA,"Washington","Birds",FALSE
"538","ob_106546","2022",-120.3786,37.9876,FALSE,"Tuolumne County",NA,"California","Birds",FALSE
"539","ob_106545","2022",-85.888,41.614,TRUE,"Elkhart County",NA,"Indiana","Birds",FALSE
"540","ob_106569","2022",-94.371,45.977,TRUE,"Morrison County",NA,"Minnesota","Birds",FALSE
"541","ob_106549","2022",-84.36,41.296,TRUE,"Defiance County",NA,"Ohio","Birds",FALSE
"542","ob_106547","2022",-119.814,36.741,TRUE,"Fresno County",NA,"California","Birds",FALSE
"543","ob_106544","2022",-94.502,45.135,FALSE,"Meeker County",NA,"Minnesota","Birds",FALSE
"544","ob_106543","2022",-94.543,45.13,TRUE,"Meeker County",NA,"Minnesota","Birds",FALSE
"545","ob_106548","2022",-88.198,43.403,TRUE,"Washington County",NA,"Wisconsin","Birds",FALSE
"546","ob_106514","2022",-93.309,44.921,TRUE,"Hennepin County",NA,"Minnesota","Birds",FALSE
"547","ob_106513","2022",-121.486,38.607,TRUE,"Sacramento County",NA,"California","Birds",FALSE
"548","ob_106593","2022",-77.352,38.041,TRUE,"Caroline County",NA,"Virginia","Birds",FALSE
"549","ob_106592","2022",-82.305,40.891,TRUE,"Ashland County",NA,"Ohio","Birds",FALSE
"550","ob_106591","2022",-96.84,46.878,TRUE,"Cass County",NA,"North Dakota","Birds",FALSE
"551","ob_106675","2022",-119.7755,36.7545,TRUE,"Fresno County",NA,"California","Birds",FALSE
"552","ob_106676","2022",-95.8559,46.8231,TRUE,"Becker County",NA,"Minnesota","Birds",FALSE
"553","ob_106674","2022",-94.5287,45.1389,TRUE,"Meeker County",NA,"Minnesota","Birds",FALSE
"554","ob_106721","2022",-111.6368,39.264,TRUE,"Sanpete County",NA,"Utah","Birds",FALSE
"555","ob_106720","2022",-94.4417,44.2923,TRUE,"Brown County",NA,"Minnesota","Birds",FALSE
"556","ob_106719","2022",-94.2046,45.5542,TRUE,"Stearns County",NA,"Minnesota","Birds",FALSE
"557","ob_106714","2022",-156.77,71.248,TRUE,"North Slope Borough",NA,"Alaska","Rissa tridactyla",TRUE
"558","ob_106718","2022",-114.47,42.559,TRUE,"Twin Falls 01",NA,"Idaho","Birds",FALSE
"559","ob_106716","2022",-120.805,38.728,TRUE,"El Dorado County",NA,"California","Birds",FALSE
"560","ob_106717","2022",-93.369,43.652,TRUE,"Freeborn County",NA,"Minnesota","Birds",FALSE
"561","ob_106875","2022",-94.252,45.553,TRUE,"Stearns County",NA,"Minnesota","Birds",FALSE
"562","ob_106880","2022",-111.648,39.246,TRUE,"Sanpete County",NA,"Utah","Birds",FALSE
"563","ob_106877","2022",-94.475,44.304,TRUE,"Brown County",NA,"Minnesota","Birds",FALSE
"564","ob_106823","2022",-96.096,46.283,TRUE,"Otter Tail",NA,"Minnesota","Birds",FALSE
"565","ob_106878","2022",-97.741,44.877,TRUE,"Clark County",NA,"South Dakota","Birds",FALSE
"566","ob_106879","2022",-97.736,44.891,TRUE,"Clark County",NA,"South Dakota","Birds",FALSE
"567","ob_106825","2022",-89.066,36.426,TRUE,"Obion County",NA,"Tennessee","Birds",FALSE
"568","ob_106818","2022",-84.496,42.676,TRUE,"Ingham County",NA,"Michigan","Birds",FALSE
"569","ob_106826","2022",-119.785,36.681,TRUE,"Fresno County",NA,"California","Birds",FALSE
"570","ob_106870","2022",-84.097,40.749,TRUE,"Allen County",NA,"Ohio","Birds",FALSE
"571","ob_106827","2022",-91.053,32.902,TRUE,"Issaquena County",NA,"Mississippi","Anas discors",TRUE
"572","ob_106876","2022",-93.31,45.573,TRUE,"Isanti County",NA,"Minnesota","Birds",FALSE
"573","ob_106873","2022",-81.52,41.083,TRUE,"Summit County",NA,"Ohio","Birds",FALSE
"574","ob_106867","2022",-84.551,41.474,TRUE,"Williams County",NA,"Ohio","Birds",FALSE
"575","ob_106907","2022",-103.018,42.828,TRUE,"Dawes 01",NA,"Nebraska","Birds",FALSE
"576","ob_106904","2022",-71.093,41.902,TRUE,"Bristol County",NA,"Massachusetts","Birds",FALSE
"577","ob_106906","2022",-122.432,47.233,TRUE,"Pierce County",NA,"Washington","Birds",FALSE
"578","ob_106908","2022",-82.881,42.597,TRUE,"Macomb County",NA,"Michigan","Birds",FALSE
"579","ob_106909","2022",-119.785,36.717,TRUE,"Fresno County",NA,"California","Birds",FALSE
"580","ob_107087","2022",-94.5024,45.1208,TRUE,"Meeker County",NA,"Minnesota","Birds",FALSE
"581","ob_107085","2022",-71.54,43.214,TRUE,"Merrimack County",NA,"New Hampshire","Birds",FALSE
"582","ob_107077","2022",-95.768,48.848,TRUE,"Roseau County",NA,"Minnesota","Birds",FALSE
"583","ob_107086","2022",-98.93,45.708,TRUE,"McPherson County",NA,"South Dakota","Birds",FALSE
"584","ob_107076","2022",-96.088,46.296,TRUE,"Otter Tail County",NA,"Minnesota","Birds",FALSE
"585","ob_107082","2022",-111.633,39.276,TRUE,"Sanpete County",NA,"Utah","Birds",FALSE
"586","ob_107083","2022",-104.693,40.449,TRUE,"Weld County",NA,"Colorado","Birds",FALSE
"587","ob_107081","2022",-114.7129,42.9419,TRUE,"Gooding County",NA,"Idaho","Birds",FALSE
"588","ob_107084","2022",-101.295,48.245,TRUE,"Ward County",NA,"North Dakota","Birds",FALSE
"589","ob_107149","2022",-122.213,37.743,TRUE,"Alameda County",NA,"California","Larus californicus",TRUE
"590","ob_107079","2022",-97.551,44.3832,TRUE,"Kingsbury County",NA,"South Dakota","Birds",FALSE
"591","ob_107078","2022",-94.865,45.975,TRUE,"Todd County",NA,"Minnesota","Birds",FALSE
"592","ob_107090","2022",-75.53,39.175,TRUE,"Kent County",NA,"Delaware","Birds",FALSE
"593","ob_107089","2022",-75.522,39.168,TRUE,"Kent County",NA,"Delaware","Birds",FALSE
"594","ob_107088","2022",-76.485,38.977,TRUE,"Anne Arundel County",NA,"Maryland","Birds",FALSE
"595","ob_107166","2022",-123.844,45.459,TRUE,"Tillamook County",NA,"Oregon","Birds",FALSE
"596","ob_107129","2022",-92.53,44.568,TRUE,"Goodhue County",NA,"Minnesota","Birds",FALSE
"597","ob_107127","2022",-96.796,32.756,TRUE,"Dallas County",NA,"Texas","Birds",FALSE
"598","ob_107150","2022",-73.621,40.757,TRUE,"Nassau County",NA,"New York","Rynchops niger",TRUE
"599","ob_107402","2022",-149.247,61.554,TRUE,"Matanuska-Susitna Borough",NA,"Alaska","Birds",FALSE
"600","ob_107399","2022",-81.22,41.157,TRUE,"Portage County",NA,"Ohio","Birds",FALSE
"601","ob_107323","2022",-120.674,38.189,TRUE,"Calaveras County",NA,"California","Birds",FALSE
"602","ob_107356","2022",-98.336,48.036,TRUE,"Nelson County",NA,"North Dakota","Birds",FALSE
"603","ob_107360","2022",-102.859,42.098,TRUE,"Box Butte County",NA,"Nebraska","Birds",FALSE
"604","ob_107345","2022",-87.689,44.104,TRUE,"Manitowoc County",NA,"Wisconsin","Ardea alba",TRUE
"605","ob_107408","2022",-112.341,48.639,TRUE,"Glacier County",NA,"Montana","Birds",FALSE
"606","ob_107405","2022",-75.192,40.983,TRUE,"Monroe County",NA,"Pennsylvania","Birds",FALSE
"607","ob_107404","2022",-75.934,40.325,TRUE,"Berks County",NA,"Pennsylvania","Birds",FALSE
"608","ob_107406","2022",-72.903,41.325,TRUE,"New Haven County",NA,"Connecticut","Birds",FALSE
"609","ob_107411","2022",-106.677,35.145,TRUE,"Bernalillo County",NA,"New Mexico","Birds",FALSE
"610","ob_107358","2022",-108.548,39.054,TRUE,"Mesa County",NA,"Colorado","Birds",FALSE
"611","ob_107326","2022",-123.843,45.448,TRUE,"Tillamook County",NA,"Oregon","Birds",FALSE
"612","ob_107359","2022",-111.848,41.708,TRUE,"Cache County",NA,"Utah","Birds",FALSE
"613","ob_107357","2022",-123.358,43.219,TRUE,"Douglas County",NA,"Oregon","Birds",FALSE
"614","ob_107403","2022",-79.539,40.302,TRUE,"Westmoreland County",NA,"Pennsylvania","Birds",FALSE
"615","ob_107354","2022",-76.3011,40.0178,TRUE,"Lancaster County",NA,"Pennsylvania","Birds",FALSE
"616","ob_107329","2022",-87.836,42.755,TRUE,"Racine County",NA,"Wisconsin","Birds",FALSE
"617","ob_107327","2022",-97.682,46.432,TRUE,"Ransom County",NA,"North Dakota","Birds",FALSE
"618","ob_107325","2022",-80.278,40.162,TRUE,"Washington County",NA,"Pennsylvania","Birds",FALSE
"619","ob_107328","2022",-111.662,39.272,TRUE,"Sanpete County",NA,"Utah","Birds",FALSE
"620","ob_107346","2022",-76.723,39.983,TRUE,"York County",NA,"Pennsylvania","Birds",FALSE
"621","ob_107337","2022",-111.623,39.256,TRUE,"Sanpete County",NA,"Utah","Birds",FALSE
"622","ob_107344","2022",-111.644,39.249,TRUE,"Sanpete County",NA,"Utah","Birds",FALSE
"623","ob_107407","2022",-121.611,36.644,TRUE,"Monterey County",NA,"California","Birds",FALSE
"624","ob_107410","2022",-124.184,41.752,TRUE,"Del Norte County",NA,"California","Birds",FALSE
"625","ob_107409","2022",-149.184,61.631,TRUE,"Matanuska Susitana County (Borough)",NA,"Alaska","Birds",FALSE
"626","ob_107347","2022",-83.387,43.495,TRUE,"Tuscola County",NA,"Michigan","Birds",FALSE
"627","ob_107342","2022",-111.643,39.249,TRUE,"Sanpete County",NA,"Utah","Birds",FALSE
"628","ob_107349","2022",-97.5946,40.8228,TRUE,"York County",NA,"Nebraska","Birds",FALSE
"629","ob_107338","2022",-91.926,44.922,TRUE,"Dunn County",NA,"Wisconsin","Birds",FALSE
"630","ob_107324","2022",-111.614,39.306,TRUE,"Sanpete County",NA,"Utah","Birds",FALSE
"631","ob_107348","2022",-121.03,37.638,TRUE,"Stanislaus County",NA,"California","Birds",FALSE
"632","ob_107548","2022",-93.73,36.074,TRUE,"Madison County",NA,"Arkansas","Birds",FALSE
"633","ob_107546","2022",-111.646,39.283,TRUE,"Sanpete County",NA,"Utah","Birds",FALSE
"634","ob_107547","2022",-111.644,39.25,TRUE,"Sanpete County",NA,"Utah","Birds",FALSE
"635","ob_107543","2022",-99.323,43.807,TRUE,"Brule County",NA,"South Dakota","Birds",FALSE
"636","ob_107544","2022",-84.451,38.077,TRUE,"Fayette County",NA,"Kentucky","Birds",FALSE
"637","ob_107541","2022",-95.252,37.574,TRUE,"Neosho County",NA,"Kansas","Birds",FALSE
"638","ob_107540","2022",-94.818,38.898,TRUE,"Johnson County",NA,"Kansas","Birds",FALSE
"639","ob_107580","2022",-76.395,37.04,TRUE,"Hampton County",NA,"Virginia","Birds",FALSE
"640","ob_107883","2022",-112.188,47.803,TRUE,"Teton County",NA,"Montana","Birds",FALSE
"641","ob_107699","2022",-111.648,39.272,TRUE,"Sanpete County",NA,"Utah","Birds",FALSE
"642","ob_107697","2022",-120.974,37.733,TRUE,"Stanislaus County",NA,"California","Birds",FALSE
"643","ob_107895","2022",-77.228,39.837,FALSE,"Adams County",NA,"Pennsylvania","Birds",FALSE
"644","ob_107899","2022",-80.291,26.229,TRUE,"Broward County",NA,"Florida","Birds",FALSE
"645","ob_107887","2022",-105.258,40.036,TRUE,"Boulder County",NA,"Colorado","Birds",FALSE
"646","ob_107903","2022",-97.615,40.857,TRUE,"York County",NA,"Nebraska","Birds",FALSE
"647","ob_107902","2022",-111.593,39.341,TRUE,"Sanpete County",NA,"Utah","Birds",FALSE
"648","ob_107891","2022",-83.327,43.057,TRUE,"Lapeer County",NA,"Michigan","Birds",FALSE
"649","ob_107898","2022",-83.319,43.043,TRUE,"Lapeer County",NA,"Michigan","Birds",FALSE
"650","ob_107900","2022",-149.117,61.607,TRUE,"Matanuska-Susitna Borough",NA,"Alaska","Birds",FALSE
"651","ob_107698","2022",-111.643,39.249,FALSE,"Sanpete County",NA,"Utah","Birds",FALSE
"652","ob_107893","2022",-98.2533,44.3714,TRUE,"Beadle County",NA,"South Dakota","Birds",FALSE
"653","ob_107901","2022",-77.227,39.837,TRUE,"Adams County",NA,"Pennsylvania","Birds",FALSE
"654","ob_107888","2022",-99.4363,43.2414,TRUE,"Gregory County",NA,"South Dakota","Birds",FALSE
"655","ob_107905","2022",-115.956,36.187,TRUE,"Nye County",NA,"Nevada","Birds",FALSE
"656","ob_107886","2022",-81.396,28.293,TRUE,"Osceola County",NA,"Florida","Birds",FALSE
"657","ob_107897","2022",-111.835,41.735,TRUE,"Cache County",NA,"Utah","Dromaius novaehollandiae",TRUE
"658","ob_107885","2022",-97.338,47.498,TRUE,"Traill County",NA,"North Dakota","Birds",FALSE
"659","ob_108138","2022",-105.1939,39.7327,TRUE,"Jefferson County",NA,"Colorado","Birds",FALSE
"660","ob_108038","2022",-95.676,39.061,TRUE,"Shawnee County",NA,"Kansas","Birds",FALSE
"661","ob_108041","2022",-97.046,45.692,TRUE,"Roberts County",NA,"South Dakota","Birds",FALSE
"662","ob_108040","2022",-111.591,39.345,TRUE,"Sanpete County",NA,"Utah","Birds",FALSE
"663","ob_108251","2022",-122.992,44.916,TRUE,"Marion County",NA,"Oregon","Branta hutchinsii",TRUE
"664","ob_108207","2022",-80.35,27.447,TRUE,"Saint Lucie County",NA,"Florida","Birds",FALSE
"665","ob_108045","2022",-75.984,36.858,TRUE,"Virginia Beach",NA,"Virginia","Birds",FALSE
"666","ob_108044","2022",-77.069,36.718,TRUE,"Southampton County",NA,"Virginia","Birds",FALSE
"667","ob_108167","2022",-80.83,27.244,TRUE,"Okeechobee County",NA,"Florida","Birds",FALSE
"668","ob_108158","2022",-71.291,41.506,TRUE,"Newport County",NA,"Rhode Island","Birds",FALSE
"669","ob_108166","2022",-97.424,35.233,TRUE,"Cleveland County",NA,"Oklahoma","Birds",FALSE
"670","ob_108204","2022",-98.524,44.874,TRUE,"Spink County",NA,"South Dakota","Birds",FALSE
"671","ob_108213","2022",-83.58,43.01,TRUE,"Genesee County",NA,"Michigan","Birds",FALSE
"672","ob_108208","2022",-107.869,37.283,TRUE,"La Plata County",NA,"Colorado","Birds",FALSE
"673","ob_108206","2022",-109.672,48.554,TRUE,"Hill County",NA,"Montana","Birds",FALSE
"674","ob_108203","2022",-96.092,36.029,TRUE,"Creek County",NA,"Oklahoma","Birds",FALSE
"675","ob_108246","2022",-80.389,27.632,TRUE,"Indian River County",NA,"Florida","Birds",FALSE
"676","ob_108252","2022",-94.416,39.092,TRUE,"Jackson County",NA,"Missouri","Birds",FALSE
"677","ob_108231","2022",-81.733,28.81,TRUE,"Lake County",NA,"Florida","Birds",FALSE
"678","ob_108215","2022",-80.397,27.64,TRUE,"Indian River County",NA,"Florida","Birds",FALSE
"679","ob_108202","2022",-116.053,44.52,TRUE,"Valley County",NA,"Idaho","Birds",FALSE
"680","ob_108248","2022",-80.43,27.639,TRUE,"Indian River County",NA,"Florida","Birds",FALSE
"681","ob_108250","2022",-117.76,33.593,TRUE,"Orange County",NA,"California","Nycticorax nycticorax",TRUE
"682","ob_108211","2022",-94.018,41.614,TRUE,"Dallas County",NA,"Iowa","Birds",FALSE
"683","ob_108249","2022",-80.253,27.191,TRUE,"Martin County",NA,"Florida","Birds",FALSE
"684","ob_108217","2022",-78.6935,35.8029,TRUE,"Wake County",NA,"North Carolina","Birds",FALSE
"685","ob_108140","2022",-93.528,47.236,TRUE,"Itasca County",NA,"Minnesota","Birds",FALSE
"686","ob_108322","2022",-94.177,45.547,TRUE,"Stearns County",NA,"Minnesota","Birds",FALSE
"687","ob_108319","2022",-111.648,39.264,TRUE,"Sanpete County",NA,"Utah","Birds",FALSE
"688","ob_108404","2022",-95.594,45.323,TRUE,"Swift County",NA,"Minnesota","Birds",FALSE
"689","ob_108321","2022",-93.737,44.389,TRUE,"Le Sueur County",NA,"Minnesota","Birds",FALSE
"690","ob_108318","2022",-80.4431,27.6723,TRUE,"Indian River County",NA,"Florida","Birds",FALSE
"691","ob_108320","2022",-95.616,45.319,TRUE,"Swift County",NA,"Minnesota","Birds",FALSE
"692","ob_108362","2022",-82.186,28.369,TRUE,"Pasco County",NA,"Florida","Birds",FALSE
"693","ob_108363","2022",-107.869,37.278,TRUE,"La Plata County",NA,"Colorado","Birds",FALSE
"694","ob_108364","2022",-105.68,40.581,TRUE,"Larimer County",NA,"Colorado","Birds",FALSE
"695","ob_108365","2022",-104.68,40.393,TRUE,"Weld County",NA,"Colorado","Birds",FALSE
"696","ob_108368","2022",-74.206,39.964,TRUE,"Ocean County",NA,"New Jersey","Birds",FALSE
"697","ob_108358","2022",-82.389,27.886,TRUE,"Hillsborough County",NA,"Florida","Birds",FALSE
"698","ob_108434","2022",-95.386,45.641,TRUE,"Pope County",NA,"Minnesota","Birds",FALSE
"699","ob_108436","2022",-80.253,27.176,TRUE,"Martin County",NA,"Florida","Birds",FALSE
"700","ob_108435","2022",-80.134,26.081,TRUE,"Broward County",NA,"Florida","Birds",FALSE
"701","ob_108438","2022",-89.649,35.565,TRUE,"Tipton County",NA,"Tennessee","Birds",FALSE
"702","ob_108427","2022",-121.655,36.678,TRUE,"Monterey County",NA,"California","Larus occidentalis",TRUE
"703","ob_108428","2022",-93.326,29.795,TRUE,"Cameron and Jefferson Davis Parish",NA,"Louisiana","Anas discors",TRUE
"704","ob_108437","2022",-76.992,43.06,TRUE,"Wayne County",NA,"New York","Birds",FALSE
"705","ob_108441","2022",-121.336,43.992,TRUE,"Deschutes County",NA,"Oregon","Birds",FALSE
"706","ob_108366","2022",-96.641,45.219,TRUE,"Grant County",NA,"South Dakota","Birds",FALSE
"707","ob_108725","2022",-90.129,31.567,TRUE,"Lawrence County",NA,"Mississippi","Birds",FALSE
"708","ob_108723","2022",-93.723,42.732,TRUE,"Wright County",NA,"Iowa","Birds",FALSE
"709","ob_108735","2022",-75.47,40.631,TRUE,"Lehigh County",NA,"Pennsylvania","Birds",FALSE
"710","ob_108734","2022",-75.483,40.627,TRUE,"Lehigh County",NA,"Pennsylvania","Birds",FALSE
"711","ob_108724","2022",-99.295,43.179,TRUE,"Gregory County",NA,"South Dakota","Birds",FALSE
"712","ob_108729","2022",-75.57,40.597,TRUE,"Lehigh County",NA,"Pennsylvania","Birds",FALSE
"713","ob_108581","2022",-94.214,45.519,TRUE,"Stearns County",NA,"Minnesota","Birds",FALSE
"714","ob_108584","2022",-123.197,45.209,TRUE,"Yamhill County",NA,"Oregon","Birds",FALSE
"715","ob_108583","2022",-117.147,32.713,TRUE,"San Diego County",NA,"California","Birds",FALSE
"716","ob_108470","2022",-113.312,46.338,TRUE,"Granite County",NA,"Montana","Birds",FALSE
"717","ob_108471","2022",-93.735,42.746,TRUE,"Wright County",NA,"Iowa","Birds",FALSE
"718","ob_108726","2022",-88.835,43.006,TRUE,"Jefferson County",NA,"Wisconsin","Birds",FALSE
"719","ob_108582","2022",-100.445,48.821,TRUE,"Bottineau County",NA,"North Dakota","Birds",FALSE
"720","ob_108731","2022",-75.6,40.6,FALSE,"Lehigh County",NA,"Pennsylvania","Birds",FALSE
"721","ob_108727","2022",-84.565,39.401,TRUE,"Butler County",NA,"Ohio","Birds",FALSE
"722","ob_108619","2022",-71.142,42.398,TRUE,"Middlesex County",NA,"Massachusetts","Birds",FALSE
"723","ob_108736","2022",-122.187,47.982,TRUE,"Snohomish County",NA,"Washington","Birds",FALSE
"724","ob_108637","2022",-96.433,32.916,TRUE,"Rockwall County",NA,"Texas","Birds",FALSE
"725","ob_108638","2022",-95.979,36.143,TRUE,"Tulsa County",NA,"Oklahoma","Birds",FALSE
"726","ob_108636","2022",-93.139,35.306,TRUE,"Pope County",NA,"Arkansas","Birds",FALSE
"727","ob_108614","2022",-108.724,42.831,TRUE,"Fremont County",NA,"Wyoming","Birds",FALSE
"728","ob_108623","2022",-74.03,40.903,TRUE,"Bergen County",NA,"New Jersey","Birds",FALSE
"729","ob_108591","2022",-80.009,40.44,TRUE,"Allegheny County",NA,"Pennsylvania","Birds",FALSE
"730","ob_108631","2022",-80.67,32.43,TRUE,"Beaufort County",NA,"South Carolina","Birds",FALSE
"731","ob_108590","2022",-80.169,26.121,TRUE,"Broward County",NA,"Florida","Birds",FALSE
"732","ob_108634","2022",-74.677,41.663,TRUE,"Sullivan County",NA,"New York","Birds",FALSE
"733","ob_108639","2022",-92.722,44.964,TRUE,"St. Croix County",NA,"Wisconsin","Birds",FALSE
"734","ob_108737","2022",-76.525,37.399,TRUE,"Gloucester County",NA,"Virginia","Birds",FALSE
"735","ob_108738","2022",-105.376,42.745,TRUE,"Converse County",NA,"Wyoming","Birds",FALSE
"736","ob_108589","2022",-112.47,34.541,TRUE,"Yavapai County",NA,"Arizona","Birds",FALSE
"737","ob_108628","2022",-88.228,43.012,TRUE,"Waukesha County",NA,"Wisconsin","Birds",FALSE
"738","ob_108635","2022",-76.826,40.297,TRUE,"Dauphin County",NA,"Pennsylvania","Birds",FALSE
"739","ob_108629","2022",-89.625,44.957,TRUE,"Marathon County",NA,"Wisconsin","Birds",FALSE
"740","ob_108588","2022",-112.45,34.548,TRUE,"Yavapai County",NA,"Arizona","Birds",FALSE
"741","ob_108848","2022",-101.297,48.282,TRUE,"Ward County",NA,"North Dakota","Birds",FALSE
"742","ob_108918","2022",-73.8259,40.7164,TRUE,"Queens County",NA,"New York","Birds",FALSE
"743","ob_108847","2022",-75.531,40.61,TRUE,"Lehigh County",NA,"Pennsylvania","Birds",FALSE
"744","ob_108846","2022",-83.31,43.058,TRUE,"Lapeer County",NA,"Michigan","Birds",FALSE
"745","ob_108850","2022",-75.43,40.557,TRUE,"Lehigh County",NA,"Pennsylvania","Birds",FALSE
"746","ob_108964","2022",-96.112,46.279,TRUE,"Otter Tail County",NA,"Minnesota","Birds",FALSE
"747","ob_108978","2022",-73.222,40.82,TRUE,"Suffolk County",NA,"New York","Estrildidae (incognita)",TRUE
"748","ob_108978","2022",-73.222,40.82,TRUE,"Suffolk County",NA,"New York","Psittacidae (incognita)",TRUE
"749","ob_108965","2022",-104.989,39.74,TRUE,"Denver County",NA,"Colorado","Amazonetta brasiliensis",TRUE
"750","ob_108965","2022",-104.989,39.74,TRUE,"Denver County",NA,"Colorado","Phoenicopterus chilensis",TRUE
"751","ob_108965","2022",-104.989,39.74,TRUE,"Denver County",NA,"Colorado","Anser cygnoides",TRUE
"752","ob_108965","2022",-104.989,39.74,TRUE,"Denver County",NA,"Colorado","Branta ruficollis",TRUE
"753","ob_108965","2022",-104.989,39.74,TRUE,"Denver County",NA,"Colorado","Bucephala islandica",TRUE
"754","ob_108965","2022",-104.989,39.74,TRUE,"Denver County",NA,"Colorado","Spatula puna",TRUE
"755","ob_108970","2022",-91.824,31.772,TRUE,"Catahoula Parish",NA,"Louisiana","Balearica regulorum",TRUE
"756","ob_108973","2022",-91.186,41.179,TRUE,"Louisa County",NA,"Iowa","Birds",FALSE
"757","ob_108976","2022",-102.391,48.32,TRUE,"Mountrail County",NA,"North Dakota","Birds",FALSE
"758","ob_108974","2022",-81.664,30.33,TRUE,"Duval County",NA,"Florida","Birds",FALSE
"759","ob_108963","2022",-94.685,29.769,TRUE,"Chambers County",NA,"Texas","Plegadis falcinellus",TRUE
"760","ob_108963","2022",-94.685,29.769,TRUE,"Chambers County",NA,"Texas","Sterna forsteri",TRUE
"761","ob_108962","2022",-92.276,34.748,TRUE,"Pulaski County",NA,"Arkansas","Branta canadensis",TRUE
"762","ob_108971","2022",-97.319,32.756,TRUE,"Tarrant County",NA,"Texas","Phoenicopterus minor",TRUE
"763","ob_109007","2022",-82.451,27.95,TRUE,"Hillsborough County",NA,"Florida","Birds",FALSE
"764","ob_108975","2022",-88.432,33.506,TRUE,"Lowndes County",NA,"Mississippi","Birds",FALSE
"765","ob_109100","2022",-81.344,28.799,TRUE,"Seminole County",NA,"Florida","Birds",FALSE
"766","ob_109099","2022",-85.196,35.596,TRUE,"Bledsoe County",NA,"Tennessee","Birds",FALSE
"767","ob_109101","2022",-119.856,36.791,TRUE,"Fresno County",NA,"California","Birds",FALSE
"768","ob_109181","2022",-86.89,36.845,TRUE,"Logan County",NA,"Kentucky","Birds",FALSE
"769","ob_109107","2022",-111.659,40.234,TRUE,"Utah County",NA,"Utah","Birds",FALSE
"770","ob_109108","2022",-80.14,26.115,TRUE,"Broward County",NA,"Florida","Birds",FALSE
"771","ob_109105","2022",-75.93,40.328,TRUE,"Berks County",NA,"Pennsylvania","Birds",FALSE
"772","ob_109160","2022",-67.464,44.714,TRUE,"Washington County",NA,"Maine","Birds",FALSE
"773","ob_109164","2022",-75.076,40.827,TRUE,"Warren County",NA,"New Jersey","Birds",FALSE
"774","ob_109182","2022",-97.207,44.657,TRUE,"Hamlin County",NA,"South Dakota","Birds",FALSE
"775","ob_109109","2022",-80.55,34.983,TRUE,"Union County",NA,"North Carolina","Birds",FALSE
"776","ob_109469","2022",-122.328,47.604,TRUE,"King County",NA,"Washington","Bucephala albeola",TRUE
"777","ob_109470","2022",-109.068,44.525,TRUE,"Park County",NA,"Wyoming","Aquila chrysaetos",TRUE
"778","ob_109467","2022",-73.756,42.652,TRUE,"Albany County",NA,"New York","Falco columbarius",TRUE
"779","ob_109471","2022",-135.334,57.052,TRUE,"Sitka Borough",NA,"Alaska","Larus thayeri",TRUE
"780","ob_109468","2022",-75.911,43.975,TRUE,"Jefferson County",NA,"New York","Bonasa umbellus",TRUE
"781","ob_109609","2022",-97.137,43.393,TRUE,"Turner County",NA,"South Dakota","Birds",FALSE
"782","ob_109559","2022",-117.166,32.717,TRUE,"San Diego County",NA,"California","Plegadis chihi",TRUE
"783","ob_109559","2022",-117.166,32.717,TRUE,"San Diego County",NA,"California","Egretta thula",TRUE
"784","ob_109559","2022",-117.166,32.717,TRUE,"San Diego County",NA,"California","Ardeidae (incognita)",TRUE
"785","ob_109557","2022",-112.108,33.462,TRUE,"Maricopa County",NA,"Arizona","Rhea americana",TRUE
"786","ob_109606","2022",-80.143,26.118,TRUE,"Broward County",NA,"Florida","Birds",FALSE
"787","ob_109598","2022",-86.777,36.168,TRUE,"Davidson County",NA,"Tennessee","Birds",FALSE
"788","ob_109604","2022",-99.334,43.808,TRUE,"Brule County",NA,"South Dakota","Birds",FALSE
"789","ob_109603","2022",-122.817,45.852,TRUE,"Columbia County",NA,"Oregon","Birds",FALSE
"790","ob_109602","2022",-78.901,35.994,TRUE,"Durham County",NA,"North Carolina","Birds",FALSE
"791","ob_109601","2022",-149.108,61.603,TRUE,"Matanuska-Susitna Borough",NA,"Alaska","Birds",FALSE
"792","ob_109464","2022",-98.211,44.342,TRUE,"Beadle County",NA,"South Dakota","Birds",FALSE
"793","ob_109460","2022",-99.124,45.039,TRUE,"Faulk County",NA,"South Dakota","Birds",FALSE
"794","ob_109463","2022",-98.213,44.384,TRUE,"Beadle County",NA,"South Dakota","Birds",FALSE
"795","ob_109450","2022",-99.019,45.446,TRUE,"Edmunds County",NA,"South Dakota","Birds",FALSE
"796","ob_109458","2022",-92.9209,37.3366,TRUE,"Webster County",NA,"Missouri","Birds",FALSE
"797","ob_109451","2022",-98.172,44.37,TRUE,"Beadle County",NA,"South Dakota","Birds",FALSE
"798","ob_109457","2022",-94.868,45.979,TRUE,"Todd County",NA,"Minnesota","Birds",FALSE
"799","ob_109538","2022",-92.921,37.336,TRUE,"Webster County",NA,"Missouri","Birds",FALSE
"800","ob_109608","2022",-98.513,44.883,TRUE,"Spink County",NA,"South Dakota","Birds",FALSE
"801","ob_109616","2022",-112.826,37.855,TRUE,"Iron County",NA,"Utah","Birds",FALSE
"802","ob_109617","2022",-98.523,44.864,TRUE,"Spink County",NA,"South Dakota","Birds",FALSE
"803","ob_109618","2022",-97.786,43.664,TRUE,"Hanson County",NA,"South Dakota","Birds",FALSE
"804","ob_109466","2022",-96.705,42.558,TRUE,"Dixon County",NA,"Nebraska","Birds",FALSE
"805","ob_109841","2022",-97.208,44.653,FALSE,"Hamlin County",NA,"South Dakota","Birds",FALSE
"806","ob_109842","2022",-98.5461,43.1515,FALSE,"Charles Mix County",NA,"South Dakota","Birds",FALSE
"807","ob_109836","2022",-77.7,39.662,TRUE,"Washington County",NA,"Maryland","Birds",FALSE
"808","ob_109839","2022",-88.421,41.373,FALSE,"Grundy County",NA,"Illinois","Birds",FALSE
"809","ob_109906","2022",-97.744,44.877,TRUE,"Clark County",NA,"South Dakota","Birds",FALSE
"810","ob_109851","2022",-97.128,44.007,TRUE,"Lake County",NA,"South Dakota","Birds",FALSE
"811","ob_109905","2022",-98.545,43.162,TRUE,"Charles Mix",NA,"South Dakota","Birds",FALSE
"812","ob_110027","2022",-97.593,40.859,TRUE,"York County",NA,"Nebraska","Passer domesticus",TRUE
"813","ob_109920","2022",-96.809,44.312,TRUE,"Brookings County",NA,"South Dakota","Birds",FALSE
"814","ob_109919","2022",-97.725,44.88,TRUE,"Clark County",NA,"South Dakota","Birds",FALSE
"815","ob_109922","2022",-83.915,35.96,TRUE,"Knox County",NA,"Tennessee","Birds",FALSE
"816","ob_109923","2022",-91.339,34.279,TRUE,"Arkansas County",NA,"Arkansas","Birds",FALSE
"817","ob_109924","2022",-94.579,39.078,TRUE,"Jackson County",NA,"Missouri","Birds",FALSE
"818","ob_109921","2022",-80.55,34.985,TRUE,"Union County",NA,"North Carolina","Birds",FALSE
"819","ob_110028","2022",-123.091,44.052,TRUE,"Lane County",NA,"Oregon","Fulica americana",TRUE
"820","ob_110031","2022",-105.073,40.585,TRUE,"Larimer County",NA,"Colorado","Birds",FALSE
"821","ob_110045","2022",-87.293,34.48,TRUE,"Lawrence County",NA,"Alabama","Birds",FALSE
"822","ob_110047","2022",-96.802,36.339,TRUE,"Pawnee County",NA,"Oklahoma","Birds",FALSE
"823","ob_110029","2022",-72.618,44.594,TRUE,"Lamoille County",NA,"Vermont","Birds",FALSE
"824","ob_110227","2022",-95.199,42.661,TRUE,"Buena Vista County",NA,"Iowa","Birds",FALSE
"825","ob_110234","2022",-102.619,38.096,TRUE,"Prowers County",NA,"Colorado","Birds",FALSE
"826","ob_110232","2022",-97.198,44.659,TRUE,"Hamlin County",NA,"South Dakota","Birds",FALSE
"827","ob_110228","2022",-94.989,42.414,TRUE,"Sac County",NA,"Iowa","Birds",FALSE
"828","ob_110231","2022",-92.7558,44.073,TRUE,"Dodge County",NA,"Minnesota","Birds",FALSE
"829","ob_110233","2022",-91.854,38.491,TRUE,"Osage County",NA,"Missouri","Birds",FALSE
"830","ob_110229","2022",-95.553,42.771,TRUE,"Cherokee County",NA,"Iowa","Birds",FALSE
"831","ob_110297","2022",-97.785,43.665,TRUE,"Hanson County",NA,"South Dakota","Birds",FALSE
"832","ob_110295","2022",-95.145,46.441,TRUE,"Wadena County",NA,"Minnesota","Birds",FALSE
"833","ob_110298","2022",-94.989,42.426,TRUE,"Sac County",NA,"Iowa","Birds",FALSE
"834","ob_110191","2022",-93.841,37.415,TRUE,"Dade County",NA,"Missouri","Birds",FALSE
"835","ob_110396","2022",-122.797,45.862,TRUE,"Columbia County",NA,"Oregon","Birds",FALSE
"836","ob_110192","2022",-94.036,40.269,TRUE,"Harrison County",NA,"Missouri","Birds",FALSE
"837","ob_110193","2022",-97.546,44.386,TRUE,"Kingsbury County",NA,"South Dakota","Birds",FALSE
"838","ob_110194","2022",-97.021,33.045,TRUE,"Denton County",NA,"Texas","Birds",FALSE
"839","ob_110189","2022",-122.607,45.359,TRUE,"Clackamas County",NA,"Oregon","Birds",FALSE
"840","ob_110187","2022",-123.315,44.921,TRUE,"Polk County",NA,"Oregon","Birds",FALSE
"841","ob_110186","2022",-77.486,34.781,TRUE,"Onslow County",NA,"North Carolina","Birds",FALSE
"842","ob_110397","2022",-76.844,42.908,TRUE,"Seneca County",NA,"New York","Podilymbus podiceps",TRUE
"843","ob_110399","2022",-106.653,35.083,TRUE,"Bernalillo County",NA,"New Mexico","Branta canadensis",TRUE
"844","ob_110465","2022",-98.523,44.864,TRUE,"Spink County",NA,"South Dakota","Birds",FALSE
"845","ob_110588","2022",-88.7147,36.2879,TRUE,"Weakley County",NA,"Tennessee","Birds",FALSE
"846","ob_110590","2022",-97.875,42.609,TRUE,"Knox County",NA,"Nebraska","Birds",FALSE
"847","ob_110592","2022",-104.692,40.444,TRUE,"Weld County",NA,"Colorado","Birds",FALSE
"848","ob_110591","2022",-87.166,38.669,TRUE,"Daviess County",NA,"Indiana","Birds",FALSE
"849","ob_110587","2022",-95.551,42.744,TRUE,"Cherokee County",NA,"Iowa","Birds",FALSE
"850","ob_110585","2022",-95.2,42.647,TRUE,"Buena Vista County",NA,"Iowa","Birds",FALSE
"851","ob_110583","2022",-119.0829,46.2509,TRUE,"Franklin County",NA,"Washington","Birds",FALSE
"852","ob_110589","2022",-95.458,42.345,TRUE,"Ida County",NA,"Iowa","Birds",FALSE
"853","ob_110584","2022",-96.587,44.058,TRUE,"Moody County",NA,"South Dakota","Birds",FALSE
"854","ob_110654","2022",-114.304,48.204,TRUE,"Flathead County",NA,"Montana","Birds",FALSE
"855","ob_110648","2022",-123.315,44.925,TRUE,"Polk County",NA,"Oregon","Birds",FALSE
"856","ob_110646","2022",-123.105,44.638,TRUE,"Linn County",NA,"Oregon","Birds",FALSE
"857","ob_110665","2022",-121.824,39.753,TRUE,"Butte County",NA,"California","Birds",FALSE
"858","ob_110744","2022",-80.096,38.224,TRUE,"Pocahontas County",NA,"West Virginia","Branta canadensis",TRUE
"859","ob_110663","2022",-81.666,30.324,TRUE,"Duval County",NA,"Florida","Birds",FALSE
"860","ob_110669","2022",-123.213,39.152,TRUE,"Mendocino County",NA,"California","Birds",FALSE
"861","ob_110647","2022",-95.109,44.541,TRUE,"Redwood County",NA,"Minnesota","Birds",FALSE
"862","ob_110911","2022",-104.987,39.739,TRUE,"Denver County",NA,"Colorado","Mergellus albellus",TRUE
"863","ob_110911","2022",-104.987,39.739,TRUE,"Denver County",NA,"Colorado","Aythya baeri",TRUE
"864","ob_110911","2022",-104.987,39.739,TRUE,"Denver County",NA,"Colorado","Mergus squamatus",TRUE
"865","ob_110909","2022",-116.494,43.876,TRUE,"Gem County",NA,"Idaho","Birds",FALSE
"866","ob_110908","2022",-94.33,38.257,TRUE,"Bates County",NA,"Missouri","Birds",FALSE
"867","ob_110910","2022",-118.784,45.674,TRUE,"Umatilla County",NA,"Oregon","Birds",FALSE
"868","ob_111058","2022",-112.074,33.451,TRUE,"Maricopa County",NA,"Arizona","Pelecanus crispus",TRUE
"869","ob_111072","2022",-124.054,44.636,TRUE,"Lincoln County",NA,"Oregon","Charadrius nivosus",TRUE
"870","ob_111071","2022",-80.738,28.247,TRUE,"Brevard County",NA,"Florida","Thalasseus sandvicensis",TRUE
"871","ob_111069","2022",-80.059,26.467,TRUE,"Palm Beach County",NA,"Florida","Dendrocygna bicolor",TRUE
"872","ob_111070","2022",-100.876,37.969,TRUE,"Finney County",NA,"Kansas","Quiscalus mexicanus",TRUE
"873","ob_111062","2022",-120.659,35.29,TRUE,"San Luis Obispo County",NA,"California","Larus philadelphia",TRUE
"874","ob_111062","2022",-120.659,35.29,TRUE,"San Luis Obispo County",NA,"California","Fulmarus glacialis",TRUE
"875","ob_110844","2022",-97.786,43.659,TRUE,"Hanson County",NA,"South Dakota","Birds",FALSE
"876","ob_110847","2022",-122.197,39.74,TRUE,"Glenn County",NA,"California","Birds",FALSE
"877","ob_110845","2022",-104.679,40.424,TRUE,"Weld County",NA,"Colorado","Birds",FALSE
"878","ob_110846","2022",-88.706,36.286,TRUE,"Weakley County",NA,"Tennessee","Birds",FALSE
"879","ob_111445","2022",-82.831,43.421,TRUE,"Sanilac County",NA,"Michigan","Birds",FALSE
"880","ob_111404","2022",-122.336,48.418,TRUE,"Skagit County",NA,"Washington","Asio flammeus",TRUE
"881","ob_111443","2022",-96.262,37.469,TRUE,"Elk County",NA,"Kansas","Birds",FALSE
"882","ob_111447","2022",-122.445,47.253,TRUE,"Pierce County",NA,"Washington","Birds",FALSE
"883","ob_111444","2022",-89.984,38.533,TRUE,"St. Clair County",NA,"Illinois","Birds",FALSE
"884","ob_111469","2022",-122.197,47.964,TRUE,"Snohomish County",NA,"Washington","Birds",FALSE
"885","ob_111392","2022",-88.707,36.293,TRUE,"Weakley County",NA,"Tennessee","Birds",FALSE
"886","ob_111391","2022",-88.727,36.285,TRUE,"Weakley County",NA,"Tennessee","Birds",FALSE
"887","ob_111943","2022",-97.108,44.875,TRUE,"Codington County",NA,"South Dakota","Birds",FALSE
"888","ob_111944","2022",-95.249,38.288,TRUE,"Anderson County",NA,"Kansas","Birds",FALSE
"889","ob_112002","2022",-106.91,47.319,TRUE,"Garfield County",NA,"Montana","Falco mexicanus",TRUE
"890","ob_112038","2022",-103.662,41.828,TRUE,"Scotts Bluff County",NA,"Nebraska","Birds",FALSE
"891","ob_111942","2022",-123.325,42.443,TRUE,"Josephine County",NA,"Oregon","Birds",FALSE
"892","ob_112041","2022",-111.23,47.508,TRUE,"Cascade County",NA,"Montana","Birds",FALSE
"893","ob_111941","2023",-93.741,38.766,TRUE,"Johnson County",NA,"Missouri","Birds",FALSE
"894","ob_112069","2022",-121.282,37.886,TRUE,"San Joaquin County",NA,"California","Birds",FALSE
"895","ob_112044","2022",-122.714,38.436,TRUE,"Sonoma County",NA,"California","Birds",FALSE
"896","ob_112046","2022",-122.715,38.438,TRUE,"Sonoma County",NA,"California","Birds",FALSE
"897","ob_112081","2022",-120.663,40.417,TRUE,"Lassen County",NA,"California","Aechmophorus occidentalis",TRUE
"898","ob_112078","2022",-80.668,32.903,TRUE,"Colleton County",NA,"South Carolina","Anas fulvigula",TRUE
"899","ob_111939","2022",-122.914,47.029,TRUE,"Thurston County",NA,"Washington","Birds",FALSE
"900","ob_111940","2022",-104.694,40.425,TRUE,"Weld County",NA,"Colorado","Birds",FALSE
"901","ob_112079","2022",-80.085,42.129,TRUE,"Erie County",NA,"Pennsylvania","Melanitta fusca",TRUE
"902","ob_112075","2022",-111.303,47.511,TRUE,"Cascade County",NA,"Montana","Asio otus",TRUE
"903","ob_112077","2022",-123.835,46.188,TRUE,"Clatsop County",NA,"Oregon","Gavia pacifica",TRUE
"904","ob_112082","2022",-117.121,32.841,TRUE,"San Diego County",NA,"California","Branta bernicla",TRUE
"905","ob_111891","2022",-123.106,44.634,TRUE,"Linn County",NA,"Oregon","Cats",FALSE
"906","ob_112349","2023",-122.224,40.181,TRUE,"Tehama County",NA,"California","Birds",FALSE
"907","ob_112350","2022",-98.1167,39.467,TRUE,"Mitchell County",NA,"Kansas","Birds",FALSE
"908","ob_112347","2023",-97.455,41.844,TRUE,"Madison County",NA,"Nebraska","Cats",FALSE
"909","ob_112352","2022",-80.38,27.638,TRUE,"Indian River County",NA,"Florida","Alopochen aegyptiaca",TRUE
"910","ob_112353","2022",-97.019,38.347,TRUE,"Marion",NA,"Kansas","Anser erythropus",TRUE
"911","ob_112351","2022",-118.476,40.181,FALSE,"Pershing County",NA,"Nevada","Centrocercus urophasianus",TRUE
"912","ob_112354","2023",-123.834,46.189,TRUE,"Clatsop County",NA,"Oregon","Phalaropus lobatus",TRUE
"913","ob_112355","2022",-82.404,40.057,TRUE,"Licking County",NA,"Ohio","Birds",FALSE
"914","ob_112760","2023",-71.485,43.542,TRUE,"Belknap County",NA,"New Hampshire","Birds",FALSE
"915","ob_112759","2023",-123.341,43.212,TRUE,"Douglas County",NA,"Oregon","Birds",FALSE
"916","ob_112756","2023",-120.828,38.723,TRUE,"El Dorado County",NA,"California","Birds",FALSE
"917","ob_112752","2023",-122.206,47.977,TRUE,"Snohomish County",NA,"Washington","Birds",FALSE
"918","ob_112753","2023",-105.079,40.587,TRUE,"Larimer County",NA,"Colorado","Birds",FALSE
"919","ob_112855","2023",-78.833,38.473,TRUE,"Rockingham County",NA,"Virginia","Birds",FALSE
"920","ob_112840","2023",-88.708,36.273,TRUE,"Weakley County",NA,"Tennessee","Birds",FALSE
"921","ob_112839","2023",-78.872,38.491,TRUE,"Rockingham County",NA,"Virginia","Birds",FALSE
"922","ob_112838","2023",-98.185,31.072,TRUE,"Lampasas County",NA,"Texas","Birds",FALSE
"923","ob_113103","2023",-68.427,44.543,TRUE,"Hancock County",NA,"Maine","Birds",FALSE
"924","ob_113160","2023",-111.06,45.672,TRUE,"Gallatin County",NA,"Montana","Aythya marila",TRUE
"925","ob_113104","2023",-80.471,35.668,TRUE,"Rowan County",NA,"North Carolina","Birds",FALSE
"926","ob_113102","2023",-123.315,44.921,TRUE,"Polk County",NA,"Oregon","Birds",FALSE
"927","ob_113101","2023",-73.232,40.826,TRUE,"Suffolk County",NA,"New York","Birds",FALSE
"928","ob_113211","2023",-95.17,42.633,TRUE,"Buena Vista County",NA,"Iowa","Birds",FALSE
"929","ob_113581","2023",-68.425,44.543,TRUE,"Hancock County",NA,"Maine","Birds",FALSE
"930","ob_113588","2023",-121.287,37.954,TRUE,"San Joaquin County",NA,"California","Birds",FALSE
"931","ob_113580","2023",-69.778,44.313,TRUE,"Kennebec County",NA,"Maine","Birds",FALSE
"932","ob_113592","2023",-109.059,44.512,TRUE,"Park County",NA,"Wyoming","Birds",FALSE
"933","ob_113584","2023",-121.081,38.904,TRUE,"Placer County",NA,"California","Birds",FALSE
"934","ob_113478","2023",-76.307,40.041,TRUE,"Lancaster County",NA,"Pennsylvania","Birds",FALSE
"935","ob_113618","2023",-120.484,37.306,TRUE,"Merced County",NA,"California","Birds",FALSE
"936","ob_113756","2023",-89.534,32.737,TRUE,"Leake County",NA,"Mississippi","Birds",FALSE
"937","ob_113479","2023",-76.306,40.04,TRUE,"Lancaster County",NA,"Pennsylvania","Birds",FALSE
"938","ob_114088","2022",-95.089,39.786,TRUE,"Doniphan County",NA,"Kansas","Birds",FALSE
"939","ob_114093","2023",-82.455,27.949,TRUE,"Hillsborough County",NA,"Florida","Birds",FALSE
"940","ob_114055","2023",-93.497,39.358,TRUE,"Carroll County",NA,"Missouri","Birds",FALSE
"941","ob_114094","2023",-119.217,46.222,TRUE,"Benton County",NA,"Washington","Birds",FALSE
"942","ob_113843","2023",-79.995,40.44,TRUE,"Allegheny County",NA,"Pennsylvania","Birds",FALSE
"943","ob_113844","2023",-98.109,39.459,TRUE,"Mitchell County",NA,"Kansas","Birds",FALSE
"944","ob_113845","2023",-76.306,40.04,TRUE,"Lancaster County",NA,"Pennsylvania","Birds",FALSE
"945","ob_114319","2023",-73.79,42.25,FALSE,"Columbia County",NA,"New York","Birds",FALSE
"946","ob_114385","2023",-76.303,40.04,TRUE,"Lancaster County",NA,"Pennsylvania","Birds",FALSE
"947","ob_114318","2023",-90.397,31.86,TRUE,"Copiah County",NA,"Mississippi","Birds",FALSE
"948","ob_114389","2023",-100.763,41.136,TRUE,"Lincoln County",NA,"Nebraska","Birds",FALSE
"949","ob_114321","2023",-122.284,38.3,TRUE,"Napa County",NA,"California","Tringa semipalmata",TRUE
"950","ob_114320","2023",-121.655,36.678,TRUE,"Monterey County",NA,"California","Arenaria melanocephala",TRUE
"951","ob_114368","2023",-121.264,37.95,TRUE,"San Joaquin County",NA,"California","Birds",FALSE
"952","ob_114305","2023",-77.302,41.747,TRUE,"Tioga County",NA,"Pennsylvania","Birds",FALSE
"953","ob_114806","2023",-107.55,40.514,TRUE,"Moffat County",NA,"Colorado","Birds",FALSE
"954","ob_114831","2023",-80.197,25.788,TRUE,"Miami-Dade County",NA,"Florida","Birds",FALSE
"955","ob_114830","2023",-76.33,40.039,TRUE,"Lancaster County",NA,"Pennsylvania","Birds",FALSE
"956","ob_114828","2023",-76.305,40.033,TRUE,"Lancaster County",NA,"Pennsylvania","Birds",FALSE
"957","ob_114827","2023",-76.287,40.067,TRUE,"Lancaster County",NA,"Pennsylvania","Birds",FALSE
"958","ob_114826","2023",-76.329,40.043,TRUE,"Lancaster",NA,"Pennsylvania","Birds",FALSE
"959","ob_114829","2023",-75.593,39.959,TRUE,"Chester County",NA,"Pennsylvania","Birds",FALSE
"960","ob_114654","2023",-77.045,38.804,TRUE,"City of Alexandria",NA,"Virginia","Birds",FALSE
"961","ob_114664","2023",-88.357,38.38,TRUE,"Wayne County",NA,"Illinois","Birds",FALSE
"962","ob_115374","2023",-76.819,40.89,TRUE,"Northumberland County",NA,"Pennsylvania","Birds",FALSE
"963","ob_115378","2023",-76.295,40.095,TRUE,"Lancaster County",NA,"Pennsylvania","Birds",FALSE
"964","ob_115375","2023",-76.3694,40.0542,TRUE,"Lancaster County",NA,"Pennsylvania","Birds",FALSE
"965","ob_115376","2023",-76.306,40.097,TRUE,"Lancaster County",NA,"Pennsylvania","Birds",FALSE
"966","ob_115380","2023",-75.046,40.162,TRUE,"Bucks County",NA,"Pennsylvania","Birds",FALSE
"967","ob_115223","2023",-76.33,40.038,TRUE,"Lancaster County",NA,"Pennsylvania","Birds",FALSE
"968","ob_115226","2023",-75.619,39.971,TRUE,"Chester County",NA,"Pennsylvania","Birds",FALSE
"969","ob_115225","2023",-75.595,39.964,TRUE,"Chester County",NA,"Pennsylvania","Birds",FALSE
"970","ob_115222","2023",-76.2735,40.0403,TRUE,"Lancaster County",NA,"Pennsylvania","Birds",FALSE
"971","ob_115224","2023",-76.326,40.072,TRUE,"Lancaster County",NA,"Pennsylvania","Birds",FALSE
"972","ob_115410","2023",-78.989,38.384,TRUE,"Rockingham County",NA,"Virginia","Birds",FALSE
"973","ob_115411","2023",-119.765,38.956,TRUE,"Douglas County",NA,"Nevada","Birds",FALSE
"974","ob_115310","2022",-77.012,38.875,TRUE,"District of Columbia",NA,"District of Columbia","Parulidae (incognita)",TRUE
"975","ob_115409","2023",-112.346,43.194,TRUE,"Bingham County",NA,"Idaho","Birds",FALSE
"976","ob_115726","2023",-76.3,40.07,TRUE,"Lancaster County",NA,"Pennsylvania","Birds",FALSE
"977","ob_115729","2023",-76.324,40.033,TRUE,"Lancaster County",NA,"Pennsylvania","Birds",FALSE
"978","ob_115728","2023",-76.342,40.065,TRUE,"Lancaster County",NA,"Pennsylvania","Birds",FALSE
"979","ob_115739","2023",-76.31,40.028,TRUE,"Lancaster County",NA,"Pennsylvania","Birds",FALSE
"980","ob_115730","2023",-76.321,40.062,TRUE,"Lancaster County",NA,"Pennsylvania","Birds",FALSE
"981","ob_115732","2023",-76.383,40.054,TRUE,"Lancaster County",NA,"Pennsylvania","Birds",FALSE
"982","ob_115740","2023",-80.706,28.405,TRUE,"Brevard County",NA,"Florida","Melanitta nigra",TRUE
"983","ob_115794","2023",-84.847,42.582,TRUE,"Eaton County",NA,"Michigan","Birds",FALSE
"984","ob_116102","2023",-76.39,40.063,TRUE,"Lancaster County",NA,"Pennsylvania","Birds",FALSE
"985","ob_116101","2023",-76.289,40.108,TRUE,"Lancaster County",NA,"Pennsylvania","Birds",FALSE
"986","ob_116100","2023",-75.6277,40.023,TRUE,"Chester County",NA,"Pennsylvania","Birds",FALSE
"987","ob_116158","2023",-76.362,40.041,TRUE,"Lancaster County",NA,"Pennsylvania","Birds",FALSE
"988","ob_116010","2023",-77.577,40.597,TRUE,"Mifflin County",NA,"Pennsylvania","Birds",FALSE
"989","ob_116009","2023",-91.947,38.185,TRUE,"Maries County",NA,"Missouri","Birds",FALSE
"990","ob_116031","2023",-88.545,33.825,TRUE,"Monroe County",NA,"Mississippi","Birds",FALSE
"991","ob_116011","2023",-92.315,43.061,TRUE,"Chickasaw County",NA,"Iowa","Birds",FALSE
"992","ob_116325","2023",-82.449,27.996,TRUE,"Hillsborough County",NA,"Florida","Birds",FALSE
"993","ob_116328","2023",-98.518,44.871,TRUE,"Spink County",NA,"South Dakota","Birds",FALSE
"994","ob_116656","2023",-102.717,40.118,TRUE,"Yuma County",NA,"Colorado","Birds",FALSE
"995","ob_116576","2023",-73.756,40.726,TRUE,"Queens County",NA,"New York","Birds",FALSE
"996","ob_116577","2023",-83.319,43.068,TRUE,"Lapeer County",NA,"Michigan","Birds",FALSE
"997","ob_116673","2023",-76.5089,42.4293,TRUE,"Tompkins County",NA,"New York","Birds",FALSE
"998","ob_116579","2022",-94.687,29.773,TRUE,"Chambers County",NA,"Texas","Ajaia ajaja",TRUE
"999","ob_116480","2023",-73.588,43.287,TRUE,"Washington County",NA,"New York","Birds",FALSE
"1000","ob_116479","2023",-101.703,34.181,TRUE,"Hale County",NA,"Texas","Birds",FALSE
"1001","ob_116478","2023",-105.014,39.613,TRUE,"Arapahoe County",NA,"Colorado","Birds",FALSE
"1002","ob_116481","2023",-121.784,42.222,TRUE,"Klamath County",NA,"Oregon","Birds",FALSE
"1003","ob_116477","2023",-98.232,38.731,TRUE,"Ellsworth County",NA,"Kansas","Birds",FALSE
"1004","ob_116999","2023",-99.082,40.689,TRUE,"Buffalo County",NA,"Nebraska","Cats",FALSE
"1005","ob_116801","2023",-119.274,45.829,TRUE,"Umatilla County",NA,"Oregon","Birds",FALSE
"1006","ob_117112","2023",-93.732,44.389,TRUE,"Le Sueur County",NA,"Minnesota","Birds",FALSE
"1007","ob_117201","2023",-73.826,40.715,TRUE,"Queens County",NA,"New York","Birds",FALSE
"1008","ob_117274","2023",-124.203,41.753,TRUE,"Del Norte County",NA,"California","Larus glaucescens",TRUE
"1009","ob_117276","2023",-111.646,35.199,TRUE,"Coconino County",NA,"Arizona","Gymnogyps californianus",TRUE
"1010","ob_117308","2023",-98.108,39.459,TRUE,"Mitchell County",NA,"Kansas","Birds",FALSE
"1011","ob_117563","2023",-112.041,43.495,TRUE,"Bonneville County",NA,"Idaho","Birds",FALSE
"1012","ob_117562","2023",-107.55,40.514,TRUE,"Moffat County",NA,"Colorado","Birds",FALSE
"1013","ob_117458","2023",-104.615,38.271,TRUE,"Pueblo County",NA,"Colorado","Birds",FALSE
"1014","ob_117460","2023",-120.54,41.483,TRUE,"Modoc County",NA,"California","Birds",FALSE
"1015","ob_117457","2023",-106.675,46.268,TRUE,"Rosebud County",NA,"Montana","Birds",FALSE
"1016","ob_117459","2023",-102.46,42.718,TRUE,"Sheridan County",NA,"Nebraska","Birds",FALSE
"1017","ob_117566","2023",-98.526,45.995,TRUE,"Dickey County",NA,"North Dakota","Birds",FALSE
"1018","ob_117567","2023",-98.234,44.371,TRUE,"Beadle County",NA,"South Dakota","Birds",FALSE
"1019","ob_117564","2023",-73.6794,41.4298,TRUE,"Putnam County",NA,"New York","Birds",FALSE
"1020","ob_117570","2023",-73.931,40.663,TRUE,"Kings County",NA,"New York","Birds",FALSE
"1021","ob_117462","2023",-73.679,41.427,TRUE,"Putnam",NA,"New York","Birds",FALSE
"1022","ob_117831","2023",-106.832,40.485,TRUE,"Routt County",NA,"Colorado","Birds",FALSE
"1023","ob_117755","2023",-120.612,35.12,TRUE,"San Luis Obispo County",NA,"California","Urile penicillatus",TRUE
"1024","ob_117911","2022",-122.337,48.418,TRUE,"Skagit County",NA,"Washington","Tyto alba",TRUE
"1025","ob_118233","2023",-87.895,37.932,TRUE,"Posey County",NA,"Indiana","Birds",FALSE
"1026","ob_118550","2023",-95.598,43.622,TRUE,"Nobles County",NA,"Minnesota","Birds",FALSE
"1027","ob_118931","2023",-91.774,37.956,TRUE,"Phelps County",NA,"Missouri","Birds",FALSE
"1028","ob_118928","2023",-80.464,35.668,TRUE,"Rowan County",NA,"North Carolina","Birds",FALSE
"1029","ob_119032","2023",-104.99,39.739,TRUE,"Denver County",NA,"Colorado","Buteo regalis",TRUE
"1030","ob_119808","2023",-69.992,41.796,TRUE,"Barnstable County",NA,"Massachusetts","Larus marinus",TRUE
"1031","ob_119896","2023",-73.195,40.76,TRUE,"Suffolk County",NA,"New York","Larus marinus",TRUE
"1032","ob_119809","2023",-92.803,45.037,TRUE,"Washington County",NA,"Minnesota","Haliaeetus leucocephalus",TRUE
"1033","ob_122559","2023",-73.989,40.692,TRUE,"Kings County",NA,"New York","Birds",FALSE
"1034","ob_122744","2023",-73.959,40.652,TRUE,"Kings County",NA,"New York","Birds",FALSE
"1035","ob_123538","2023",-73.96,40.663,TRUE,"Kings County",NA,"New York","Birds",FALSE
"1036","ob_121107","2023",-76.147,43.047,TRUE,"Onondaga County",NA,"New York","Anas platyrhynchos",TRUE
"1037","ob_121056","2023",-112.339,38.953,TRUE,"Millard County",NA,"Utah","Anas platyrhynchos",TRUE
"1038","ob_121055","2022",-96.769,48.195,TRUE,"Marshall County",NA,"Minnesota","Anas discors",TRUE
"1039","ob_124638","2023",-156.783,71.292,TRUE,"North Slope Borough",NA,"Alaska","Ardenna tenuirostris",TRUE
"1040","ob_125044","2023",-74.215,40.669,TRUE,"Union County",NA,"New Jersey","Birds",FALSE
"1041","ob_125437","2023",-158.476,59.041,TRUE,"Dillingham Census Area",NA,"Alaska","Uria aalge",TRUE
"1042","ob_125854","2023",-98.57,44.079,TRUE,"Jerauld County",NA,"South Dakota","Birds",FALSE
"1043","ob_125838","2023",-116.682,43.665,TRUE,"Canyon County",NA,"Idaho","Birds",FALSE
"1044","ob_126231","2023",-111.557,39.423,TRUE,"Sanpete County",NA,"Utah","Birds",FALSE
"1045","ob_126230","2023",-111.562,39.474,TRUE,"Sanpete County",NA,"Utah","Birds",FALSE
"1046","ob_126236","2023",-94.527,45.112,TRUE,"Meeker County",NA,"Minnesota","Birds",FALSE
"1047","ob_126235","2023",-112.335,48.634,TRUE,"Glacier County",NA,"Montana","Birds",FALSE
"1048","ob_126592","2023",-97.13,34.172,TRUE,"Carter County",NA,"Oklahoma","Birds",FALSE
"1049","ob_126584","2023",-112.182,47.811,TRUE,"Teton County",NA,"Montana","Aythya valisineria",TRUE
"1050","ob_126590","2023",-122.048,47.553,TRUE,"King County",NA,"Washington","Birds",FALSE
"1051","ob_126561","2023",-103.618,48.147,TRUE,"Williams County",NA,"North Dakota","Birds",FALSE
"1052","ob_126562","2023",-104.005,46.913,TRUE,"Golden Valley County",NA,"North Dakota","Birds",FALSE
"1053","ob_126560","2023",-104.694,40.425,TRUE,"Weld County",NA,"Colorado","Birds",FALSE
"1054","ob_126557","2023",-114.315,48.203,TRUE,"Flathead County",NA,"Montana","Birds",FALSE
"1055","ob_126563","2023",-94.543,45.123,TRUE,"Meeker County",NA,"Minnesota","Birds",FALSE
"1056","ob_126587","2023",-99.133,45.034,TRUE,"Faulk County",NA,"South Dakota","Birds",FALSE
"1057","ob_126588","2023",-95.845,46.825,TRUE,"Becker County",NA,"Minnesota","Birds",FALSE
"1058","ob_126591","2023",-98.93,45.722,TRUE,"McPherson County",NA,"South Dakota","Birds",FALSE
"1059","ob_126681","2023",-98.304,44.882,TRUE,"Spink County",NA,"South Dakota","Birds",FALSE
"1060","ob_126680","2023",-95.823,46.825,TRUE,"Becker County",NA,"Minnesota","Birds",FALSE
"1061","ob_126679","2023",-95.095,44.548,TRUE,"Redwood County",NA,"Minnesota","Birds",FALSE
"1062","ob_126677","2023",-93.948,44.182,TRUE,"Blue Earth County",NA,"Minnesota","Birds",FALSE
"1063","ob_126731","2023",-95.04,45.149,TRUE,"Kandiyohi County",NA,"Minnesota","Birds",FALSE
"1064","ob_126717","2023",-95.151,42.63,TRUE,"Buena Vista County",NA,"Iowa","Birds",FALSE
"1065","ob_126730","2023",-93.948,44.175,TRUE,"Blue Earth County",NA,"Minnesota","Birds",FALSE
"1066","ob_126683","2023",-117.865,45.217,TRUE,"Union County",NA,"Oregon","Birds",FALSE
"1067","ob_126654","2023",-110.556,45.663,TRUE,"Park County",NA,"Montana","Birds",FALSE
"1068","ob_126944","2023",-86.63,32.84,TRUE,"Chilton County",NA,"Alabama","Birds",FALSE
"1069","ob_126941","2023",-98.221,44.362,TRUE,"Beadle County",NA,"South Dakota","Birds",FALSE
"1070","ob_126939","2023",-97.783,43.653,TRUE,"Hanson County",NA,"South Dakota","Birds",FALSE
"1071","ob_126943","2023",-120.484,37.306,TRUE,"Merced County",NA,"California","Birds",FALSE
"1072","ob_126940","2023",-97.734,44.879,TRUE,"Clark County",NA,"South Dakota","Birds",FALSE
"1073","ob_126938","2023",-94.669,45.129,TRUE,"Meeker County",NA,"Minnesota","Birds",FALSE
"1074","ob_126884","2023",-94.669,42.737,TRUE,"Pocahontas County",NA,"Iowa","Birds",FALSE
"1075","ob_127031","2023",-98.222,44.362,TRUE,"Beadle County",NA,"South Dakota","Birds",FALSE
"1076","ob_127030","2023",-94.53,45.13,TRUE,"Meeker County",NA,"Minnesota","Birds",FALSE
"1077","ob_126942","2023",-120.549,46.997,TRUE,"Kittitas County",NA,"Washington","Birds",FALSE
"1078","ob_127028","2023",-149.108,61.605,TRUE,"Matanuska-Susitna Borough",NA,"Alaska","Birds",FALSE
"1079","ob_126881","2023",-94.502,41.678,TRUE,"Guthrie County",NA,"Iowa","Birds",FALSE
"1080","ob_127027","2023",-149.103,61.603,TRUE,"Matanuska-Susitna Borough",NA,"Alaska","Birds",FALSE
"1081","ob_127023","2023",-95.374,35.96,TRUE,"Wagoner County",NA,"Oklahoma","Birds",FALSE
"1082","ob_126880","2023",-118.095,45.322,TRUE,"Union County",NA,"Oregon","Birds",FALSE
"1083","ob_126882","2023",-94.462,44.311,TRUE,"Brown County",NA,"Minnesota","Birds",FALSE
"1084","ob_126937","2023",-92.865,46.14,TRUE,"Pine County",NA,"Minnesota","Birds",FALSE
"1085","ob_127172","2023",-95.144,43.136,TRUE,"Clay County",NA,"Iowa","Birds",FALSE
"1086","ob_127288","2023",-94.165,45.536,TRUE,"Stearns County",NA,"Minnesota","Birds",FALSE
"1087","ob_127261","2023",-93.341,38.317,TRUE,"Benton County",NA,"Missouri","Birds",FALSE
"1088","ob_127262","2023",-95.143,43.126,TRUE,"Clay County",NA,"Iowa","Birds",FALSE
"1089","ob_127268","2023",-93.815,42.46,TRUE,"Hamilton County",NA,"Iowa","Birds",FALSE
"1090","ob_127154","2023",-86.191,34.281,TRUE,"Marshall County",NA,"Alabama","Birds",FALSE
"1091","ob_127153","2023",-93.745,36.084,TRUE,"Madison County",NA,"Arkansas","Birds",FALSE
"1092","ob_127150","2023",-95.171,42.647,TRUE,"Buena Vista County",NA,"Iowa","Birds",FALSE
"1093","ob_127174","2023",-99.2,45.766,TRUE,"McPherson County",NA,"South Dakota","Birds",FALSE
"1094","ob_127175","2023",-95.131,43.156,TRUE,"Clay County",NA,"Iowa","Birds",FALSE
"1095","ob_127171","2023",-93.867,45.201,TRUE,"Wright County",NA,"Minnesota","Birds",FALSE
"1096","ob_127151","2023",-97.937,35.053,TRUE,"Grady County",NA,"Oklahoma","Birds",FALSE
"1097","ob_127152","2023",-86.57,35.152,TRUE,"Lincoln County",NA,"Tennessee","Birds",FALSE
"1098","ob_127276","2023",-111.974,32.222,TRUE,"Pima County",NA,"Arizona","Sarcoramphus papa",TRUE
"1099","ob_127276","2023",-111.974,32.222,TRUE,"Pima County",NA,"Arizona","Eudocimus ruber",TRUE
"1100","ob_127276","2023",-111.974,32.222,TRUE,"Pima County",NA,"Arizona","Cyanocorax chrysops",TRUE
"1101","ob_127292","2023",-111.911,43.679,TRUE,"Jefferson County",NA,"Idaho","Anas platyrhynchos",TRUE
"1102","ob_127388","2023",-96.844,45.59,TRUE,"Roberts County",NA,"South Dakota","Birds",FALSE
"1103","ob_127485","2023",-94.313,37.185,TRUE,"Jasper County",NA,"Missouri","Birds",FALSE
"1104","ob_127486","2023",-95.096,44.541,TRUE,"Redwood County",NA,"Minnesota","Birds",FALSE
"1105","ob_127487","2023",-95.002,45.124,TRUE,"Kandiyohi County",NA,"Minnesota","Birds",FALSE
"1106","ob_127483","2023",-94.716,40.676,TRUE,"Taylor County",NA,"Iowa","Birds",FALSE
"1107","ob_127484","2023",-94.235,43.078,TRUE,"Kossuth County",NA,"Iowa","Birds",FALSE
"1108","ob_127389","2023",-95.097,44.529,TRUE,"Redwood County",NA,"Minnesota","Birds",FALSE
"1109","ob_127395","2023",-93.207,44.08,TRUE,"Steele County",NA,"Minnesota","Birds",FALSE
"1110","ob_127391","2023",-94.217,43.083,TRUE,"Kossuth County",NA,"Iowa","Birds",FALSE
"1111","ob_127396","2023",-97.734,44.87,TRUE,"Clark County",NA,"South Dakota","Birds",FALSE
"1112","ob_127390","2023",-98.929,45.725,TRUE,"McPherson County",NA,"South Dakota","Birds",FALSE
"1113","ob_127393","2023",-98.546,43.15,TRUE,"Charles Mix County",NA,"South Dakota","Birds",FALSE
"1114","ob_127394","2023",-109.841,46.437,TRUE,"Wheatland County",NA,"Montana","Birds",FALSE
"1115","ob_127494","2023",-123.036,44.94,TRUE,"Marion County",NA,"Oregon","Birds",FALSE
"1116","ob_127488","2023",-107.89,38.487,TRUE,"Montrose County",NA,"Colorado","Birds",FALSE
"1117","ob_127492","2023",-93.203,43.154,TRUE,"Cerro Gordo County",NA,"Iowa","Birds",FALSE
"1118","ob_127496","2023",-113.997,46.873,TRUE,"Missoula County",NA,"Montana","Birds",FALSE
"1119","ob_127493","2023",-91.29,42.109,TRUE,"Jones County",NA,"Iowa","Birds",FALSE
"1120","ob_127481","2023",-99.371,46.036,TRUE,"McIntosh County",NA,"North Dakota","Birds",FALSE
"1121","ob_127491","2023",-121.311,44.062,TRUE,"Deschutes County",NA,"Oregon","Birds",FALSE
"1122","ob_127479","2023",-111.658,40.232,TRUE,"Utah County",NA,"Utah","Birds",FALSE
"1123","ob_127480","2023",-149.443,61.587,TRUE,"Matanuska-Susitna Borough",NA,"Alaska","Birds",FALSE
"1124","ob_127490","2023",-112.037,43.496,TRUE,"Bonneville County",NA,"Idaho","Birds",FALSE
"1125","ob_127478","2023",-109.953,45.831,TRUE,"Sweet Grass County",NA,"Montana","Birds",FALSE
"1126","ob_127578","2023",-92.024,42.168,TRUE,"Benton County",NA,"Iowa","Birds",FALSE
"1127","ob_127575","2023",-81.664,30.33,TRUE,"Duval County",NA,"Florida","Birds",FALSE
"1128","ob_127576","2023",-86.012,41.912,TRUE,"Cass County",NA,"Michigan","Birds",FALSE
"1129","ob_127577","2023",-96.846,32.385,TRUE,"Ellis County",NA,"Texas","Birds",FALSE
"1130","ob_127746","2023",-108.203,36.276,TRUE,"San Juan County",NA,"New Mexico","Birds",FALSE
"1131","ob_127745","2023",-99.338,45.445,TRUE,"Edmunds County",NA,"South Dakota","Birds",FALSE
"1132","ob_127750","2023",-99.338,45.448,TRUE,"Edmunds County",NA,"South Dakota","Birds",FALSE
"1133","ob_127754","2023",-99.338,45.454,TRUE,"Edmunds County",NA,"South Dakota","Birds",FALSE
"1134","ob_127752","2023",-119.77,36.704,TRUE,"Fresno County",NA,"California","Birds",FALSE
"1135","ob_127662","2023",-99.378,46.034,TRUE,"McIntosh County",NA,"North Dakota","Birds",FALSE
"1136","ob_127657","2023",-123.112,44.61,TRUE,"Linn County",NA,"Oregon","Birds",FALSE
"1137","ob_127656","2023",-122.987,44.914,TRUE,"Marion County",NA,"Oregon","Birds",FALSE
"1138","ob_127661","2023",-98.325,46.355,TRUE,"LaMoure County",NA,"North Dakota","Birds",FALSE
"1139","ob_127659","2023",-94.187,45.548,TRUE,"Stearns County",NA,"Minnesota","Birds",FALSE
"1140","ob_127660","2023",-99.338,45.448,TRUE,"Edmunds County",NA,"South Dakota","Birds",FALSE
"1141","ob_127940","2023",-80.262,26.124,TRUE,"Broward County",NA,"Florida","Birds",FALSE
"1142","ob_127943","2023",-103.48,43.439,TRUE,"Fall River County",NA,"South Dakota","Birds",FALSE
"1143","ob_127941","2023",-95.997,30.489,TRUE,"Grimes County",NA,"Texas","Birds",FALSE
"1144","ob_127995","2023",-100.034,45.507,TRUE,"Walworth County",NA,"South Dakota","Birds",FALSE
"1145","ob_127994","2023",-93.369,43.646,TRUE,"Freeborn County",NA,"Minnesota","Birds",FALSE
"1146","ob_127993","2023",-122.607,45.358,TRUE,"Clackamas County",NA,"Oregon","Birds",FALSE
"1147","ob_128352","2023",-97.055,41.447,TRUE,"Colfax County",NA,"Nebraska","Birds",FALSE
"1148","ob_128353","2023",-122.445,47.254,TRUE,"Pierce County",NA,"Washington","Birds",FALSE
"1149","ob_128351","2023",-100.237,46.267,TRUE,"Emmons County",NA,"North Dakota","Birds",FALSE
"1150","ob_127942","2023",-90.341,45.137,TRUE,"Taylor 01",NA,"Wisconsin","Birds",FALSE
"1151","ob_127954","2023",-99.334,43.808,TRUE,"Brule County",NA,"South Dakota","Birds",FALSE
"1152","ob_128402","2023",-91.316,44.372,TRUE,"Trempealeau County",NA,"Wisconsin","Birds",FALSE
"1153","ob_128396","2023",-91.316,44.373,TRUE,"Trempealeau County",NA,"Wisconsin","Birds",FALSE
"1154","ob_128398","2023",-122.693,38.434,TRUE,"Sonoma County",NA,"California","Birds",FALSE
"1155","ob_128392","2023",-95.837,46.825,TRUE,"Becker County",NA,"Minnesota","Birds",FALSE
"1156","ob_128393","2023",-93.621,36.39,TRUE,"Carroll County",NA,"Arkansas","Birds",FALSE
"1157","ob_128391","2023",-96.07,46.296,TRUE,"Otter Tail County",NA,"Minnesota","Birds",FALSE
"1158","ob_128395","2023",-95.381,45.884,TRUE,"Douglas County",NA,"Minnesota","Birds",FALSE
"1159","ob_128355","2023",-99.221,45.757,TRUE,"McPherson County",NA,"South Dakota","Birds",FALSE
"1160","ob_128356","2023",-98.526,46.011,TRUE,"Dickey County",NA,"North Dakota","Birds",FALSE
"1161","ob_128357","2023",-97.417,42.876,TRUE,"Yankton County",NA,"South Dakota","Birds",FALSE
"1162","ob_128394","2023",-98.527,45.999,TRUE,"Dickey County",NA,"North Dakota","Birds",FALSE
"1163","ob_127998","2023",-95.049,45.119,TRUE,"Kandiyohi County",NA,"Minnesota","Birds",FALSE
"1164","ob_127999","2023",-96.074,46.28,TRUE,"Otter Tail County",NA,"Minnesota","Birds",FALSE
"1165","ob_127960","2023",-91.317,44.367,TRUE,"Trempealeau County",NA,"Wisconsin","Birds",FALSE
"1166","ob_127952","2023",-83.369,40.236,TRUE,"Union county",NA,"Ohio","Birds",FALSE
"1167","ob_127948","2023",-95.05,45.119,TRUE,"Kandiyohi County",NA,"Minnesota","Birds",FALSE
"1168","ob_127959","2023",-75.883,38.887,TRUE,"Caroline County",NA,"Maryland","Birds",FALSE
"1169","ob_127951","2023",-94.461,44.31,TRUE,"Brown County",NA,"Minnesota","Birds",FALSE
"1170","ob_127947","2023",-96.445,45.305,TRUE,"Big Stone County",NA,"Minnesota","Birds",FALSE
"1171","ob_127955","2023",-94.164,45.561,TRUE,"Stearns County",NA,"Minnesota","Birds",FALSE
"1172","ob_127958","2023",-97.546,44.386,TRUE,"Kingsbury County",NA,"South Dakota","Birds",FALSE
"1173","ob_127950","2023",-98.222,44.362,TRUE,"Beadle County",NA,"South Dakota","Birds",FALSE
"1174","ob_127956","2023",-96.076,46.28,TRUE,"Otter Tail County",NA,"Minnesota","Birds",FALSE
"1175","ob_127957","2023",-97.731,44.879,TRUE,"Clark County",NA,"South Dakota","Birds",FALSE
"1176","ob_127949","2023",-97.734,44.899,TRUE,"Clark County",NA,"South Dakota","Birds",FALSE
"1177","ob_127953","2023",-84.239,32.072,TRUE,"Sumter County",NA,"Georgia","Birds",FALSE
"1178","ob_127996","2023",-97.522,45.333,TRUE,"Day County",NA,"South Dakota","Birds",FALSE
"1179","ob_127946","2023",-95.6,45.317,TRUE,"Swift County",NA,"Minnesota","Birds",FALSE
"1180","ob_128354","2023",-96.056,43.012,TRUE,"Sioux County",NA,"Iowa","Birds",FALSE
"1181","ob_128325","2023",-94.442,44.293,TRUE,"Brown County",NA,"Minnesota","Birds",FALSE
"1182","ob_128496","2023",-112.036,46.586,TRUE,"Lewis and Clark County",NA,"Montana","Birds",FALSE
"1183","ob_128495","2023",-103.789,40.252,TRUE,"Morgan County",NA,"Colorado","Birds",FALSE
"1184","ob_128520","2023",-83.886,43.603,TRUE,"Bay County",NA,"Michigan","Birds",FALSE
"1185","ob_128525","2023",-96.729,43.553,TRUE,"Minnehaha County",NA,"South Dakota","Birds",FALSE
"1186","ob_128497","2023",-96.406,42.497,TRUE,"Woodbury County",NA,"Iowa","Birds",FALSE
"1187","ob_128498","2023",-96.406,42.497,TRUE,"Woodbury County",NA,"Iowa","Birds",FALSE
"1188","ob_128499","2023",-116.681,43.666,TRUE,"Canyon County",NA,"Idaho","Birds",FALSE
"1189","ob_128630","2023",-96.415,39.395,TRUE,"Pottawatomie County",NA,"Kansas","Birds",FALSE
"1190","ob_128546","2023",-122.729,38.469,TRUE,"Sonoma County",NA,"California","Birds",FALSE
"1191","ob_128632","2023",-120.997,37.369,TRUE,"Stanislaus County",NA,"California","Birds",FALSE
"1192","ob_128612","2023",-93.458,35.456,TRUE,"Johnson County",NA,"Arkansas","Birds",FALSE
"1193","ob_128614","2023",-91.85,45.41,TRUE,"Barron County",NA,"Wisconsin","Birds",FALSE
"1194","ob_128631","2023",-120.998,37.64,TRUE,"Stanislaus County",NA,"California","Birds",FALSE
"1195","ob_128613","2023",-98.94,45.724,TRUE,"McPherson County",NA,"South Dakota","Birds",FALSE
"1196","ob_128544","2023",-121.404,36.853,TRUE,"San Benito County",NA,"California","Birds",FALSE
"1197","ob_128545","2023",-84.632,40.101,TRUE,"Darke County",NA,"Ohio","Birds",FALSE
"1198","ob_128543","2023",-103.22,38.064,TRUE,"Bent County",NA,"Colorado","Birds",FALSE
"1199","ob_128769","2023",-97.547,44.386,TRUE,"Kingsbury County",NA,"South Dakota","Birds",FALSE
"1200","ob_128770","2023",-95.671,39.05,TRUE,"Shawnee County",NA,"Kansas","Birds",FALSE
"1201","ob_128771","2023",-72.211,44.935,TRUE,"Orleans County",NA,"Vermont","Birds",FALSE
"1202","ob_128815","2023",-95.743,41.047,TRUE,"Mills County",NA,"Iowa","Birds",FALSE
"1203","ob_128816","2023",-98.764,38.366,TRUE,"Barton County",NA,"Kansas","Birds",FALSE
"1204","ob_128896","2023",-90.339,38.649,TRUE,"Saint Louis County",NA,"Missouri","Birds",FALSE
"1205","ob_128895","2023",-121.289,37.954,TRUE,"San Joaquin County",NA,"California","Birds",FALSE
"1206","ob_128899","2023",-98.204,38.348,TRUE,"Rice County",NA,"Kansas","Birds",FALSE
"1207","ob_128898","2023",-97.668,38.37,TRUE,"McPherson County",NA,"Kansas","Birds",FALSE
"1208","ob_128900","2023",-73.929,41.703,TRUE,"Dutchess County",NA,"New York","Birds",FALSE
"1209","ob_128878","2023",-92.461,44.021,TRUE,"Olmsted County",NA,"Minnesota","Birds",FALSE
"1210","ob_128827","2023",-91.848,45.41,TRUE,"Barron County",NA,"Wisconsin","Birds",FALSE
"1211","ob_128823","2023",-98.538,43.154,TRUE,"Charles Mix County",NA,"South Dakota","Birds",FALSE
"1212","ob_128820","2023",-94.861,45.973,TRUE,"Todd County",NA,"Minnesota","Birds",FALSE
"1213","ob_128772","2023",-84.179,45.005,TRUE,"Montmorency County",NA,"Michigan","Birds",FALSE
"1214","ob_128776","2023",-120.956,37.592,TRUE,"Stanislaus County",NA,"California","Birds",FALSE
"1215","ob_128763","2023",-96.076,46.28,TRUE,"Otter Tail County",NA,"Minnesota","Birds",FALSE
"1216","ob_128768","2023",-84.632,40.1,TRUE,"Darke County",NA,"Ohio","Birds",FALSE
"1217","ob_128762","2023",-95.847,46.812,TRUE,"Becker County",NA,"Minnesota","Birds",FALSE
"1218","ob_128764","2023",-98.514,44.875,TRUE,"Spink County",NA,"South Dakota","Birds",FALSE
"1219","ob_128765","2023",-97.868,42.995,TRUE,"Bon Homme",NA,"South Dakota","Birds",FALSE
"1220","ob_128773","2023",-122.727,38.467,TRUE,"Sonoma County",NA,"California","Birds",FALSE
"1221","ob_128766","2023",-97.202,44.657,TRUE,"Hamlin County",NA,"South Dakota","Birds",FALSE
"1222","ob_128775","2023",-83.609,40.648,TRUE,"Hardin County",NA,"Ohio","Birds",FALSE
"1223","ob_128767","2023",-122.729,38.469,TRUE,"Sonoma County",NA,"California","Birds",FALSE
"1224","ob_128774","2023",-93.569,36.365,TRUE,"Carroll County",NA,"Arkansas","Birds",FALSE
"1225","ob_129063","2023",-86.012,34.016,TRUE,"Etowah County",NA,"Alabama","Birds",FALSE
"1226","ob_129065","2023",-123.835,46.189,TRUE,"Clatsop County",NA,"Oregon","Birds",FALSE
"1227","ob_129068","2023",-93.508,44.08,TRUE,"Waseca County",NA,"Minnesota","Birds",FALSE
"1228","ob_129064","2023",-104.694,40.425,TRUE,"Weld County",NA,"Colorado","Birds",FALSE
"1229","ob_129066","2023",-94.093,34.901,TRUE,"Scott County",NA,"Arkansas","Birds",FALSE
"1230","ob_129249","2023",-120.663,40.417,TRUE,"Lassen County",NA,"California","Birds",FALSE
"1231","ob_129250","2023",-98.765,38.366,TRUE,"Barton County",NA,"Kansas","Birds",FALSE
"1232","ob_129193","2023",-98.204,38.347,TRUE,"Rice County",NA,"Kansas","Birds",FALSE
"1233","ob_129052","2023",-120.482,37.308,TRUE,"Merced County",NA,"California","Birds",FALSE
"1234","ob_129053","2023",-120.481,37.307,TRUE,"Merced County",NA,"California","Birds",FALSE
"1235","ob_129243","2023",-86.245,43.235,TRUE,"Muskegon County",NA,"Michigan","Birds",FALSE
"1236","ob_129192","2023",-99.028,45.444,TRUE,"Edmunds County",NA,"South Dakota","Birds",FALSE
"1237","ob_129241","2023",-98.205,38.347,TRUE,"Rice County",NA,"Kansas","Birds",FALSE
"1238","ob_129156","2023",-116.997,46.73,TRUE,"Latah County",NA,"Idaho","Birds",FALSE
"1239","ob_129157","2023",-122.727,38.466,TRUE,"Sonoma County",NA,"California","Birds",FALSE
"1240","ob_129158","2023",-122.728,38.446,TRUE,"Sonoma County",NA,"California","Birds",FALSE
"1241","ob_129051","2023",-84.633,40.102,TRUE,"Darke County",NA,"Ohio","Birds",FALSE
"1242","ob_129050","2023",-97.111,44.005,TRUE,"Lake County",NA,"South Dakota","Birds",FALSE
"1243","ob_129244","2023",-97.669,38.37,TRUE,"McPherson County",NA,"Kansas","Birds",FALSE
"1244","ob_129431","2023",-123.262,44.565,TRUE,"Benton County",NA,"Oregon","Birds",FALSE
"1245","ob_129432","2023",-92.643,41.295,TRUE,"Mahaska County",NA,"Iowa","Birds",FALSE
"1246","ob_129434","2023",-96.498,41.433,TRUE,"Dodge County",NA,"Nebraska","Birds",FALSE
"1247","ob_129385","2023",-122.334,47.761,TRUE,"King County",NA,"Washington","Birds",FALSE
"1248","ob_129388","2023",-99.025,45.445,TRUE,"Edmunds County",NA,"South Dakota","Birds",FALSE
"1249","ob_129387","2023",-120.428,37.307,TRUE,"Merced County",NA,"California","Birds",FALSE
"1250","ob_129386","2023",-98.539,43.154,TRUE,"Charles Mix County",NA,"South Dakota","Birds",FALSE
"1251","ob_129441","2023",-122.729,38.466,TRUE,"Sonoma County",NA,"California","Birds",FALSE
"1252","ob_129440","2023",-120.43,37.307,TRUE,"Merced County",NA,"California","Birds",FALSE
"1253","ob_129436","2023",-120.429,37.307,TRUE,"Merced County",NA,"California","Birds",FALSE
"1254","ob_129604","2023",-97.88,36.397,TRUE,"Garfield County",NA,"Oklahoma","Birds",FALSE
"1255","ob_129606","2023",-101.382,35.346,TRUE,"Carson County",NA,"Texas","Birds",FALSE
"1256","ob_129605","2023",-113.996,46.873,TRUE,"Missoula County",NA,"Montana","Birds",FALSE
"1257","ob_129678","2023",-99.026,45.446,TRUE,"Edmunds County",NA,"South Dakota","Birds",FALSE
"1258","ob_129675","2023",-122.73,38.466,TRUE,"Sonoma County",NA,"California","Birds",FALSE
"1259","ob_129677","2023",-122.731,38.466,TRUE,"Sonoma County",NA,"California","Birds",FALSE
"1260","ob_129582","2023",-91.883,39.173,TRUE,"Audrain County",NA,"Missouri","Birds",FALSE
"1261","ob_129579","2023",-94.862,45.973,TRUE,"Todd County",NA,"Minnesota","Birds",FALSE
"1262","ob_129580","2023",-83.61,40.648,TRUE,"Hardin County",NA,"Ohio","Birds",FALSE
"1263","ob_129581","2023",-86.244,43.234,TRUE,"Muskegon County",NA,"Michigan","Birds",FALSE
"1264","ob_129578","2023",-76.795,40.862,TRUE,"Northumberland County",NA,"Pennsylvania","Birds",FALSE
"1265","ob_129676","2023",-122.531,37.999,TRUE,"Marin County",NA,"California","Birds",FALSE
"1266","ob_130016","2023",-99.371,46.036,TRUE,"McIntosh County",NA,"North Dakota","Birds",FALSE
"1267","ob_130020","2023",-121.407,38.542,TRUE,"Sacramento County",NA,"California","Birds",FALSE
"1268","ob_130094","2023",-105.008,39.613,TRUE,"Arapahoe County",NA,"Colorado","Birds",FALSE
"1269","ob_130013","2023",-122.732,38.466,TRUE,"Sonoma County",NA,"California","Birds",FALSE
"1270","ob_130096","2023",-120.432,37.307,TRUE,"Merced County",NA,"California","Birds",FALSE
"1271","ob_130014","2023",-98.206,38.347,TRUE,"Rice County",NA,"Kansas","Birds",FALSE
"1272","ob_130012","2023",-120.432,37.307,TRUE,"Merced County",NA,"California","Birds",FALSE
"1273","ob_130941","2023",-119.803,39.54,TRUE,"Washoe County",NA,"Nevada","Callipepla californica",TRUE
"1274","ob_131946","2022",-115.35,47.591,TRUE,"Sanders County",NA,"Montana","Cats",FALSE
"1275","ob_131970","2023",-112.122,46.237,TRUE,"Jefferson County",NA,"Montana","Cats",FALSE
